add,eff,func,func_bg,set,bg,nspecies
Cab074,0.9962829502655688,1.0000000000000002,0.0037170497344314077,S000000001,S000000000,1
Mic039,0.18793856890844296,1.1879385689084432,1.0000000000000002,S000010001,S000000001,2
Bos046,0.30293448138245216,1.3029344813824524,1.0000000000000002,S000100001,S000000001,2
Bos046,0.12176811115894925,1.3097066800673924,1.1879385689084432,S000110001,S000010001,3
Mic039,0.006772198684940056,1.3097066800673924,1.3029344813824524,S000110001,S000100001,3
Bac050,0.35172311000849965,1.3517231100084999,1.0000000000000002,S001000001,S000000001,2
Bac050,0.5943376192543117,1.782276188162755,1.1879385689084432,S001010001,S000010001,3
Mic039,0.43055307815425503,1.782276188162755,1.3517231100084999,S001010001,S001000001,3
Bac050,0.061578629052427614,1.36451311043488,1.3029344813824524,S001100001,S000100001,3
Bos046,0.012790000426380121,1.36451311043488,1.3517231100084999,S001100001,S001000001,3
Bac050,0.38359804268840003,1.6933047227557925,1.3097066800673924,S001110001,S000110001,4
Bos046,-0.08897146540696244,1.6933047227557925,1.782276188162755,S001110001,S001010001,4
Mic039,0.3287916123209125,1.6933047227557925,1.36451311043488,S001110001,S001100001,4
Pse056,-0.14814943610400944,0.8518505638959908,1.0000000000000002,S010000001,S000000001,2
Pse056,-0.06816905933677497,1.1197695095716682,1.1879385689084432,S010010001,S000010001,3
Mic039,0.2679189456756774,1.1197695095716682,0.8518505638959908,S010010001,S010000001,3
Pse056,-0.17741095899857262,1.1255235223838798,1.3029344813824524,S010100001,S000100001,3
Bos046,0.273672958487889,1.1255235223838798,0.8518505638959908,S010100001,S010000001,3
Ach031,-0.19804862470800466,0.8019513752919956,1.0000000000000002,S000000011,S000000001,2
Mic039,0.27587195714357526,1.0778233324355708,0.8019513752919956,S000010011,S000000011,3
Ach031,-0.11011523647287236,1.0778233324355708,1.1879385689084432,S000010011,S000010001,3
Bos046,0.21084230424771389,1.0127936795397094,0.8019513752919956,S000100011,S000000011,3
Ach031,-0.29014080184274293,1.0127936795397094,1.3029344813824524,S000100011,S000100001,3
Bos046,-0.01822855743695384,1.059594774998617,1.0778233324355708,S000110011,S000010011,4
Mic039,0.04680109545890754,1.059594774998617,1.0127936795397094,S000110011,S000100011,4
Ach031,-0.25011190506877545,1.059594774998617,1.3097066800673924,S000110011,S000110001,4
Bac050,0.14175839278303193,0.9437097680750275,0.8019513752919956,S001000011,S000000011,3
Ach031,-0.4080133419334724,0.9437097680750275,1.3517231100084999,S001000011,S001000001,3
Bac050,-0.03146830712903914,1.0463550253065317,1.0778233324355708,S001010011,S000010011,4
Mic039,0.1026452572315042,1.0463550253065317,0.9437097680750275,S001010011,S001000011,4
Ach031,-0.7359211628562232,1.0463550253065317,1.782276188162755,S001010011,S001010001,4
Bac050,0.03900222601896908,1.0517959055586785,1.0127936795397094,S001100011,S000100011,4
Bos046,0.10808613748365103,1.0517959055586785,0.9437097680750275,S001100011,S001000011,4
Ach031,-0.31271720487620147,1.0517959055586785,1.36451311043488,S001100011,S001100001,4
Bac050,0.14373031982742046,1.2033250948260374,1.059594774998617,S001110011,S000110011,5
Bos046,0.15697006951950576,1.2033250948260374,1.0463550253065317,S001110011,S001010011,5
Mic039,0.15152918926735892,1.2033250948260374,1.0517959055586785,S001110011,S001100011,5
Ach031,-0.489979627929755,1.2033250948260374,1.6933047227557925,S001110011,S001110001,5
Pse056,0.24587315081577388,1.0478245261077694,0.8019513752919956,S010000011,S000000011,3
Ach031,0.19597396221177865,1.0478245261077694,0.8518505638959908,S010000011,S010000001,3
Pse056,-0.01669486446090085,1.06112846797467,1.0778233324355708,S010010011,S000010011,4
Mic039,0.013303941866900537,1.06112846797467,1.0478245261077694,S010010011,S010000011,4
Ach031,-0.058641041596998233,1.06112846797467,1.1197695095716682,S010010011,S010010001,4
Pse056,-0.11219463869271318,0.9005990408469963,1.0127936795397094,S010100011,S000100011,4
Bos046,-0.14722548526077317,0.9005990408469963,1.0478245261077694,S010100011,S010000011,4
Ach031,-0.2249244815368835,0.9005990408469963,1.1255235223838798,S010100011,S010100001,4
Pse033,0.22373477205960235,1.2237347720596026,1.0000000000000002,S000000101,S000000001,2
Mic039,0.3140409475212549,1.5377757195808575,1.2237347720596026,S000010101,S000000101,3
Pse033,0.3498371506724143,1.5377757195808575,1.1879385689084432,S000010101,S000010001,3
Bos046,0.15139742106587484,1.3751321931254774,1.2237347720596026,S000100101,S000000101,3
Pse033,0.07219771174302503,1.3751321931254774,1.3029344813824524,S000100101,S000100001,3
Bos046,-0.08051138121276491,1.4572643383680925,1.5377757195808575,S000110101,S000010101,4
Mic039,0.08213214524261514,1.4572643383680925,1.3751321931254774,S000110101,S000100101,4
Pse033,0.1475576583007001,1.4572643383680925,1.3097066800673924,S000110101,S000110001,4
Bac050,0.1497348891929351,1.3734696612525377,1.2237347720596026,S001000101,S000000101,3
Pse033,0.021746551244037793,1.3734696612525377,1.3517231100084999,S001000101,S001000001,3
Bac050,-0.04874832543525254,1.489027394145605,1.5377757195808575,S001010101,S000010101,4
Mic039,0.11555773289306726,1.489027394145605,1.3734696612525377,S001010101,S001000101,4
Pse033,-0.29324879401715,1.489027394145605,1.782276188162755,S001010101,S001010001,4
Bac050,0.06188605451906004,1.4370182476445374,1.3751321931254774,S001100101,S000100101,4
Bos046,0.06354858639199978,1.4370182476445374,1.3734696612525377,S001100101,S001000101,4
Pse033,0.07250513720965746,1.4370182476445374,1.36451311043488,S001100101,S001100001,4
Bac050,0.11038634866358743,1.56765068703168,1.4572643383680925,S001110101,S000110101,5
Bos046,0.07862329288607506,1.56765068703168,1.489027394145605,S001110101,S001010101,5
Mic039,0.13063243938714253,1.56765068703168,1.4370182476445374,S001110101,S001100101,5
Pse033,-0.1256540357241125,1.56765068703168,1.6933047227557925,S001110101,S001110001,5
Pse056,0.16249938446724244,1.386234156526845,1.2237347720596026,S010000101,S000000101,3
Pse033,0.5343835926308542,1.386234156526845,0.8518505638959908,S010000101,S010000001,3
Pse056,0.006515480490937531,1.544291200071795,1.5377757195808575,S010010101,S000010101,4
Mic039,0.15805704354494998,1.544291200071795,1.386234156526845,S010010101,S010000101,4
Pse033,0.4245216905001268,1.544291200071795,1.1197695095716682,S010010101,S010010001,4
Pse056,-0.0013401568518274232,1.37379203627365,1.3751321931254774,S010100101,S000100101,4
Bos046,-0.012442120253195021,1.37379203627365,1.386234156526845,S010100101,S010000101,4
Pse033,0.24826851388977023,1.37379203627365,1.1255235223838798,S010100101,S010100001,4
Pse033,0.48491874919082445,1.28687012448282,0.8019513752919956,S000000111,S000000011,3
Ach031,0.06313535242321744,1.28687012448282,1.2237347720596026,S000000111,S000000101,3
Mic039,-0.0848164993664049,1.2020536251164151,1.28687012448282,S000010111,S000000111,4
Pse033,0.12423029268084429,1.2020536251164151,1.0778233324355708,S000010111,S000010011,4
Ach031,-0.33572209446444234,1.2020536251164151,1.5377757195808575,S000010111,S000010101,4
Bos046,-0.1713783087131544,1.1154918157696656,1.28687012448282,S000100111,S000000111,4
Pse033,0.10269813622995616,1.1154918157696656,1.0127936795397094,S000100111,S000100011,4
Ach031,-0.2596403773558118,1.1154918157696656,1.3751321931254774,S000100111,S000100101,4
Bos046,-0.08221669103383,1.1198369340825851,1.2020536251164151,S000110111,S000010111,5
Mic039,0.004345118312919505,1.1198369340825851,1.1154918157696656,S000110111,S000100111,5
Pse033,0.06024215908396813,1.1198369340825851,1.059594774998617,S000110111,S000110011,5
Ach031,-0.33742740428550744,1.1198369340825851,1.4572643383680925,S000110111,S000110101,5
Bac050,-0.18586467953106922,1.1010054449517508,1.28687012448282,S001000111,S000000111,4
Pse033,0.1572956768767233,1.1010054449517508,0.9437097680750275,S001000111,S001000011,4
Ach031,-0.2724642163007869,1.1010054449517508,1.3734696612525377,S001000111,S001000101,4
Bac050,-0.0964737175041177,1.1055799076122974,1.2020536251164151,S001010111,S000010111,5
Mic039,0.004574462660546619,1.1055799076122974,1.1010054449517508,S001010111,S001000111,5
Pse033,0.059224882305765725,1.1055799076122974,1.0463550253065317,S001010111,S001010011,5
Ach031,-0.3834474865333075,1.1055799076122974,1.489027394145605,S001010111,S001010101,5
Bac050,0.043309970445681856,1.1588017862153475,1.1154918157696656,S001100111,S000100111,5
Bos046,0.05779634126359667,1.1588017862153475,1.1010054449517508,S001100111,S001000111,5
Pse033,0.10700588065666894,1.1588017862153475,1.0517959055586785,S001100111,S001100011,5
Ach031,-0.27821646142919,1.1588017862153475,1.4370182476445374,S001100111,S001100101,5
Bac050,0.03973707743008492,1.15957401151267,1.1198369340825851,S001110111,S000110111,6
Bos046,0.053994103900372625,1.15957401151267,1.1055799076122974,S001110111,S001010111,6
Mic039,7.722252973225707e-4,1.15957401151267,1.1588017862153475,S001110111,S001100111,6
Pse033,-0.04375108331336741,1.15957401151267,1.2033250948260374,S001110111,S001110011,6
Ach031,-0.40807667551900995,1.15957401151267,1.56765068703168,S001110111,S001110101,6
Pse056,-0.14743184971890755,1.1394382747639125,1.28687012448282,S010000111,S000000111,4
Pse033,0.09161374865614302,1.1394382747639125,1.0478245261077694,S010000111,S010000011,4
Ach031,-0.24679588176293255,1.1394382747639125,1.386234156526845,S010000111,S010000101,4
Pse056,-0.05034009945066509,1.15171352566575,1.2020536251164151,S010010111,S000010111,5
Mic039,0.012275250901837564,1.15171352566575,1.1394382747639125,S010010111,S010000111,5
Pse033,0.09058505769108005,1.15171352566575,1.06112846797467,S010010111,S010010011,5
Ach031,-0.39257767440604496,1.15171352566575,1.544291200071795,S010010111,S010010101,5
Pse056,-0.06480147016902649,1.0506903456006391,1.1154918157696656,S010100111,S000100111,5
Bos046,-0.08874792916327334,1.0506903456006391,1.1394382747639125,S010100111,S010000111,5
Pse033,0.15009130475364285,1.0506903456006391,0.9005990408469963,S010100111,S010100011,5
Ach031,-0.32310169067301087,1.0506903456006391,1.37379203627365,S010100111,S010100101,5
Sph034,0.3818617653780474,1.3818617653780476,1.0000000000000002,S000001001,S000000001,2
Mic039,0.21043816122422476,1.5922999266022724,1.3818617653780476,S000011001,S000001001,3
Sph034,0.4043613576938292,1.5922999266022724,1.1879385689084432,S000011001,S000010001,3
Bos046,0.005974064193534856,1.3878358295715825,1.3818617653780476,S000101001,S000001001,3
Sph034,0.08490134818913009,1.3878358295715825,1.3029344813824524,S000101001,S000100001,3
Bos046,-0.05007201757505242,1.54222790902722,1.5922999266022724,S000111001,S000011001,4
Mic039,0.1543920794556375,1.54222790902722,1.3878358295715825,S000111001,S000101001,4
Sph034,0.23252122895982752,1.54222790902722,1.3097066800673924,S000111001,S000110001,4
Bac050,0.34858073152777735,1.730442496905825,1.3818617653780476,S001001001,S000001001,3
Sph034,0.3787193868973251,1.730442496905825,1.3517231100084999,S001001001,S001000001,3
Bac050,0.2744139210344576,1.86671384763673,1.5922999266022724,S001011001,S000011001,4
Mic039,0.13627135073090502,1.86671384763673,1.730442496905825,S001011001,S001001001,4
Sph034,0.08443765947397508,1.86671384763673,1.782276188162755,S001011001,S001010001,4
Bac050,0.32431613995355013,1.7121519695251326,1.3878358295715825,S001101001,S000101001,4
Bos046,-0.018290527380692367,1.7121519695251326,1.730442496905825,S001101001,S001001001,4
Sph034,0.3476388590902526,1.7121519695251326,1.36451311043488,S001101001,S001100001,4
Bac050,0.09105505956269,1.63328296858991,1.54222790902722,S001111001,S000111001,5
Bos046,-0.23343087904682003,1.63328296858991,1.86671384763673,S001111001,S001011001,5
Mic039,-0.07886900093522264,1.63328296858991,1.7121519695251326,S001111001,S001101001,5
Sph034,-0.06002175416588251,1.63328296858991,1.6933047227557925,S001111001,S001110001,5
Pse056,0.09357532212395236,1.475437087502,1.3818617653780476,S010001001,S000001001,3
Sph034,0.6235865236060092,1.475437087502,0.8518505638959908,S010001001,S010000001,3
Pse056,-0.07559222020989242,1.51670770639238,1.5922999266022724,S010011001,S000011001,4
Mic039,0.04127061889037997,1.51670770639238,1.475437087502,S010011001,S010001001,4
Sph034,0.39693819682071174,1.51670770639238,1.1197695095716682,S010011001,S010010001,4
Pse056,-0.06932259928385487,1.3185132302877276,1.3878358295715825,S010101001,S000101001,4
Bos046,-0.15692385721427238,1.3185132302877276,1.475437087502,S010101001,S010001001,4
Sph034,0.19298970790384784,1.3185132302877276,1.1255235223838798,S010101001,S010100001,4
Sph034,0.31213689953504864,1.1140882748270442,0.8019513752919956,S000001011,S000000011,3
Ach031,-0.2677734905510034,1.1140882748270442,1.3818617653780476,S000001011,S000001001,3
Mic039,0.15960528203346835,1.2736935568605126,1.1140882748270442,S000011011,S000001011,4
Sph034,0.19587022442494173,1.2736935568605126,1.0778233324355708,S000011011,S000010011,4
Ach031,-0.3186063697417598,1.2736935568605126,1.5922999266022724,S000011011,S000011001,4
Bos046,-0.030866789582203014,1.0832214852448412,1.1140882748270442,S000101011,S000001011,4
Sph034,0.07042780570513174,1.0832214852448412,1.0127936795397094,S000101011,S000100011,4
Ach031,-0.3046143443267413,1.0832214852448412,1.3878358295715825,S000101011,S000101001,4
Bos046,-0.2342757814012284,1.0394177754592842,1.2736935568605126,S000111011,S000011011,5
Mic039,-0.04380370978555703,1.0394177754592842,1.0832214852448412,S000111011,S000101011,5
Sph034,-0.02017699953933283,1.0394177754592842,1.059594774998617,S000111011,S000110011,5
Ach031,-0.5028101335679358,1.0394177754592842,1.54222790902722,S000111011,S000111001,5
Bac050,-0.03528514050997855,1.0788031343170656,1.1140882748270442,S001001011,S000001011,4
Sph034,0.13509336624203816,1.0788031343170656,0.9437097680750275,S001001011,S001000011,4
Ach031,-0.6516393625887593,1.0788031343170656,1.730442496905825,S001001011,S001001001,4
Bac050,-0.22527210918380702,1.0484214476767055,1.2736935568605126,S001011011,S000011011,5
Mic039,-0.030381686640360117,1.0484214476767055,1.0788031343170656,S001011011,S001001011,5
Sph034,0.0020664223701738482,1.0484214476767055,1.0463550253065317,S001011011,S001010011,5
Ach031,-0.8182923999600245,1.0484214476767055,1.86671384763673,S001011011,S001011001,5
Bac050,-0.007406191108567661,1.0758152941362735,1.0832214852448412,S001101011,S000101011,5
Bos046,-0.002987840180792123,1.0758152941362735,1.0788031343170656,S001101011,S001001011,5
Sph034,0.024019388577595002,1.0758152941362735,1.0517959055586785,S001101011,S001100011,5
Ach031,-0.6363366753888591,1.0758152941362735,1.7121519695251326,S001101011,S001101001,5
Bac050,0.0351733218828878,1.074591097342172,1.0394177754592842,S001111011,S000111011,6
Bos046,0.02616964966546642,1.074591097342172,1.0484214476767055,S001111011,S001011011,6
Mic039,-0.001224196794101573,1.074591097342172,1.0758152941362735,S001111011,S001101011,6
Sph034,-0.1287339974838655,1.074591097342172,1.2033250948260374,S001111011,S001110011,6
Ach031,-0.558691871247738,1.074591097342172,1.63328296858991,S001111011,S001111001,6
Pse056,-0.11436090994534576,0.9997273648816984,1.1140882748270442,S010001011,S000001011,4
Sph034,-0.048097161226070995,0.9997273648816984,1.0478245261077694,S010001011,S010000011,4
Ach031,-0.47570972262030153,0.9997273648816984,1.475437087502,S010001011,S010001001,4
Pse056,-0.24851644416998853,1.025177112690524,1.2736935568605126,S010011011,S000011011,5
Mic039,0.025449747808825585,1.025177112690524,0.9997273648816984,S010011011,S010001011,5
Sph034,-0.03595135528414595,1.025177112690524,1.06112846797467,S010011011,S010010011,5
Ach031,-0.4915305937018559,1.025177112690524,1.51670770639238,S010011011,S010011001,5
Pse056,-0.0775291976201522,1.005692287624689,1.0832214852448412,S010101011,S000101011,5
Bos046,0.005964922742990542,1.005692287624689,0.9997273648816984,S010101011,S010001011,5
Sph034,0.10509324677769272,1.005692287624689,0.9005990408469963,S010101011,S010100011,5
Ach031,-0.3128209426630386,1.005692287624689,1.3185132302877276,S010101011,S010101001,5
Sph034,0.3967074888312976,1.6204422608909002,1.2237347720596026,S000001101,S000000101,3
Pse033,0.23858049551285254,1.6204422608909002,1.3818617653780476,S000001101,S000001001,3
Mic039,-0.00670442063726262,1.6137378402536375,1.6204422608909002,S000011101,S000001101,4
Sph034,0.07596212067278008,1.6137378402536375,1.5377757195808575,S000011101,S000010101,4
Pse033,0.02143791365136516,1.6137378402536375,1.5922999266022724,S000011101,S000011001,4
Bos046,-0.1238967054938751,1.496545555397025,1.6204422608909002,S000101101,S000001101,4
Sph034,0.12141336227154764,1.496545555397025,1.3751321931254774,S000101101,S000100101,4
Pse033,0.10870972582544258,1.496545555397025,1.3878358295715825,S000101101,S000101001,4
Bos046,-0.10827780491355754,1.50546003534008,1.6137378402536375,S000111101,S000011101,5
Mic039,0.008914479943054943,1.50546003534008,1.496545555397025,S000111101,S000101101,5
Sph034,0.048195696971987445,1.50546003534008,1.4572643383680925,S000111101,S000110101,5
Pse033,-0.03676787368713996,1.50546003534008,1.54222790902722,S000111101,S000111001,5
Bac050,-0.17252659611406518,1.447915664776835,1.6204422608909002,S001001101,S000001101,4
Sph034,0.07444600352429731,1.447915664776835,1.3734696612525377,S001001101,S001000101,4
Pse033,-0.28252683212899,1.447915664776835,1.730442496905825,S001001101,S001001001,4
Bac050,-0.15381929939697758,1.45991854085666,1.6137378402536375,S001011101,S000011101,5
Mic039,0.012002876079824976,1.45991854085666,1.447915664776835,S001011101,S001001101,5
Sph034,-0.02910885328894497,1.45991854085666,1.489027394145605,S001011101,S001010101,5
Pse033,-0.40679530678007003,1.45991854085666,1.86671384763673,S001011101,S001011001,5
Bac050,0.0023333931302573774,1.4988789485272824,1.496545555397025,S001101101,S000101101,5
Bos046,0.05096328375044745,1.4988789485272824,1.447915664776835,S001101101,S001001101,5
Sph034,0.06186070088274498,1.4988789485272824,1.4370182476445374,S001101101,S001100101,5
Pse033,-0.21327302099785017,1.4988789485272824,1.7121519695251326,S001101101,S001101001,5
Bac050,0.06835754493583246,1.5738175802759125,1.50546003534008,S001111101,S000111101,6
Bos046,0.1138990394192525,1.5738175802759125,1.45991854085666,S001111101,S001011101,6
Mic039,0.07493863174863002,1.5738175802759125,1.4988789485272824,S001111101,S001101101,6
Sph034,0.006166893244232474,1.5738175802759125,1.56765068703168,S001111101,S001110101,6
Pse033,-0.0594653883139975,1.5738175802759125,1.63328296858991,S001111101,S001111001,6
Pse056,-0.1773172212515628,1.4431250396393374,1.6204422608909002,S010001101,S000001101,4
Sph034,0.05689088311249235,1.4431250396393374,1.386234156526845,S010001101,S010000101,4
Pse033,-0.03231204786266262,1.4431250396393374,1.475437087502,S010001101,S010001001,4
Pse056,-0.230248896678785,1.3834889435748525,1.6137378402536375,S010011101,S000011101,5
Mic039,-0.059636096064484834,1.3834889435748525,1.4431250396393374,S010011101,S010001101,5
Sph034,-0.16080225649694246,1.3834889435748525,1.544291200071795,S010011101,S010010101,5
Pse033,-0.13321876281752743,1.3834889435748525,1.51670770639238,S010011101,S010011001,5
Pse056,-0.055434564181927604,1.4411109912150974,1.496545555397025,S010101101,S000101101,5
Bos046,-0.0020140484242399115,1.4411109912150974,1.4431250396393374,S010101101,S010001101,5
Sph034,0.06731895494144746,1.4411109912150974,1.37379203627365,S010101101,S010100101,5
Pse033,0.12259776092736985,1.4411109912150974,1.3185132302877276,S010101101,S010101001,5
Sph034,-0.17595600370980802,1.110914120773012,1.28687012448282,S000001111,S000000111,4
Pse033,-0.0031741540540322077,1.110914120773012,1.1140882748270442,S000001111,S000001011,4
Ach031,-0.5095281401178882,1.110914120773012,1.6204422608909002,S000001111,S000001101,4
Mic039,0.08377316187836548,1.1946872826513775,1.110914120773012,S000011111,S000001111,5
Sph034,-0.007366342465037645,1.1946872826513775,1.2020536251164151,S000011111,S000010111,5
Pse033,-0.07900627420913509,1.1946872826513775,1.2736935568605126,S000011111,S000011011,5
Ach031,-0.41905055760226007,1.1946872826513775,1.6137378402536375,S000011111,S000011101,5
Bos046,0.02861284121275043,1.1395269619857624,1.110914120773012,S000101111,S000001111,5
Sph034,0.024035146216096814,1.1395269619857624,1.1154918157696656,S000101111,S000100111,5
Pse033,0.056305476740921234,1.1395269619857624,1.0832214852448412,S000101111,S000101011,5
Ach031,-0.35701859341126263,1.1395269619857624,1.496545555397025,S000101111,S000101101,5
Bos046,-0.016009154659609948,1.1786781279917675,1.1946872826513775,S000111111,S000011111,6
Mic039,0.0391511660060051,1.1786781279917675,1.1395269619857624,S000111111,S000101111,6
Sph034,0.05884119390918241,1.1786781279917675,1.1198369340825851,S000111111,S000110111,6
Pse033,0.13926035253248337,1.1786781279917675,1.0394177754592842,S000111111,S000111011,6
Ach031,-0.3267819073483125,1.1786781279917675,1.50546003534008,S000111111,S000111101,6
Bac050,-0.027583544184663467,1.0833305765883485,1.110914120773012,S001001111,S000001111,5
Sph034,-0.017674868363402263,1.0833305765883485,1.1010054449517508,S001001111,S001000111,5
Pse033,0.004527442271282878,1.0833305765883485,1.0788031343170656,S001001111,S001001011,5
Ach031,-0.36458508818848645,1.0833305765883485,1.447915664776835,S001001111,S001001101,5
Bac050,-0.134051695427305,1.0606355872240725,1.1946872826513775,S001011111,S000011111,6
Mic039,-0.022694989364276053,1.0606355872240725,1.0833305765883485,S001011111,S001001111,6
Sph034,-0.044944320388224934,1.0606355872240725,1.1055799076122974,S001011111,S001010111,6
Pse033,0.012214139547366942,1.0606355872240725,1.0484214476767055,S001011111,S001011011,6
Ach031,-0.3992829536325875,1.0606355872240725,1.45991854085666,S001011111,S001011101,6
Bac050,-0.010971205304912468,1.12855575668085,1.1395269619857624,S001101111,S000101111,6
Bos046,0.04522518009250143,1.12855575668085,1.0833305765883485,S001101111,S001001111,6
Sph034,-0.03024602953449751,1.12855575668085,1.1588017862153475,S001101111,S001100111,6
Pse033,0.05274046254457643,1.12855575668085,1.0758152941362735,S001101111,S001101011,6
Ach031,-0.3703231918464325,1.12855575668085,1.4988789485272824,S001101111,S001101101,6
Bac050,-0.053590162897892535,1.125087965093875,1.1786781279917675,S001111111,S000111111,7
Bos046,0.06445237786980251,1.125087965093875,1.0606355872240725,S001111111,S001011111,7
Mic039,-0.0034677915869749665,1.125087965093875,1.12855575668085,S001111111,S001101111,7
Sph034,-0.03448604641879505,1.125087965093875,1.15957401151267,S001111111,S001110111,7
Pse033,0.050496867751703034,1.125087965093875,1.074591097342172,S001111111,S001111011,7
Ach031,-0.44872961518203747,1.125087965093875,1.5738175802759125,S001111111,S001111101,7
Pse056,-0.10323995656936624,1.0076741642036458,1.110914120773012,S010001111,S000001111,5
Sph034,-0.1317641105602667,1.0076741642036458,1.1394382747639125,S010001111,S010000111,5
Pse033,0.007946799321947307,1.0076741642036458,0.9997273648816984,S010001111,S010001011,5
Ach031,-0.4354508754356916,1.0076741642036458,1.4431250396393374,S010001111,S010001101,5
Pse056,-0.22209972281358037,0.9725875598377971,1.1946872826513775,S010011111,S000011111,6
Mic039,-0.03508660436584865,0.9725875598377971,1.0076741642036458,S010011111,S010001111,6
Sph034,-0.17912596582795293,0.9725875598377971,1.15171352566575,S010011111,S010010111,6
Pse033,-0.05258955285272693,0.9725875598377971,1.025177112690524,S010011111,S010011011,6
Ach031,-0.4109013837370554,0.9725875598377971,1.3834889435748525,S010011111,S010011101,6
Pse056,-0.22905141716278887,0.9104755448229735,1.1395269619857624,S010101111,S000101111,6
Bos046,-0.0971986193806722,0.9104755448229735,1.0076741642036458,S010101111,S010001111,6
Sph034,-0.14021480077766557,0.9104755448229735,1.0506903456006391,S010101111,S010100111,6
Pse033,-0.09521674280171544,0.9104755448229735,1.005692287624689,S010101111,S010101011,6
Ach031,-0.5306354463921239,0.9104755448229735,1.4411109912150974,S010101111,S010101101,6
Pse056,-0.25817198767011296,1.0515346923972795,1.3097066800673924,S010110001,S000110001,4
Bos046,-0.06823481717438873,1.0515346923972795,1.1197695095716682,S010110001,S010010001,4
Mic039,-0.07398882998660028,1.0515346923972795,1.1255235223838798,S010110001,S010100001,4
Pse056,-0.045741343764092335,1.3059817662444075,1.3517231100084999,S011000001,S001000001,3
Bac050,0.45413120234841675,1.3059817662444075,0.8518505638959908,S011000001,S010000001,3
Pse056,-0.43458041742396225,1.3476957707387927,1.782276188162755,S011010001,S001010001,4
Bac050,0.22792626116712444,1.3476957707387927,1.1197695095716682,S011010001,S010010001,4
Mic039,0.041714004494385115,1.3476957707387927,1.3059817662444075,S011010001,S011000001,4
Pse056,-0.22572403017533516,1.1387890802595448,1.36451311043488,S011100001,S001100001,4
Bac050,0.01326555787566508,1.1387890802595448,1.1255235223838798,S011100001,S010100001,4
Bos046,-0.1671926859848627,1.1387890802595448,1.3059817662444075,S011100001,S011000001,4
Pse056,-0.4079332911096474,1.285371431646145,1.6933047227557925,S011110001,S001110001,5
Bac050,0.2338367392488656,1.285371431646145,1.0515346923972795,S011110001,S010110001,5
Bos046,-0.06232433909264756,1.285371431646145,1.3476957707387927,S011110001,S011010001,5
Mic039,0.14658235138660025,1.285371431646145,1.1387890802595448,S011110001,S011100001,5
Sph075,-0.17026280699058693,0.8297371930094133,1.0000000000000002,S100000001,S000000001,2
Sph075,-0.25055609875680496,0.9373824701516382,1.1879385689084432,S100010001,S000010001,3
Mic039,0.10764527714222494,0.9373824701516382,0.8297371930094133,S100010001,S100000001,3
Sph075,-0.20387111487137743,1.099063366511075,1.3029344813824524,S100100001,S000100001,3
Bos046,0.26932617350166166,1.099063366511075,0.8297371930094133,S100100001,S100000001,3
Sph075,-0.24245945035328909,1.0672472297141034,1.3097066800673924,S100110001,S000110001,4
Bos046,0.12986475956246513,1.0672472297141034,0.9373824701516382,S100110001,S100010001,4
Mic039,-0.031816136796971595,1.0672472297141034,1.099063366511075,S100110001,S100100001,4
Sph075,-0.18866524623883985,1.16305786376966,1.3517231100084999,S101000001,S001000001,3
Bac050,0.33332067076024674,1.16305786376966,0.8297371930094133,S101000001,S100000001,3
Sph075,-0.5670725611863849,1.21520362697637,1.782276188162755,S101010001,S001010001,4
Bac050,0.27782115682473174,1.21520362697637,0.9373824701516382,S101010001,S100010001,4
Mic039,0.05214576320670994,1.21520362697637,1.16305786376966,S101010001,S101000001,4
Pse056,-0.040103594041116075,1.019491180957501,1.059594774998617,S010110011,S000110011,5
Bos046,-0.04163728701716907,1.019491180957501,1.06112846797467,S010110011,S010010011,5
Mic039,0.11889214011050464,1.019491180957501,0.9005990408469963,S010110011,S010100011,5
Ach031,-0.03204351143977857,1.019491180957501,1.0515346923972795,S010110011,S010110001,5
Pse056,-0.13581841963434327,0.8078913484406842,0.9437097680750275,S011000011,S001000011,4
Bac050,-0.23993317766708522,0.8078913484406842,1.0478245261077694,S011000011,S010000011,4
Ach031,-0.4980904178037233,0.8078913484406842,1.3059817662444075,S011000011,S011000001,4
Pse056,-0.1627964058520447,0.883558619454487,1.0463550253065317,S011010011,S001010011,5
Bac050,-0.17756984852018298,0.883558619454487,1.06112846797467,S011010011,S010010011,5
Mic039,0.07566727101380277,0.883558619454487,0.8078913484406842,S011010011,S011000011,5
Ach031,-0.46413715128430566,0.883558619454487,1.3476957707387927,S011010011,S011010001,5
Pse056,-0.16618894461409806,0.8856069609445805,1.0517959055586785,S011100011,S001100011,5
Bac050,-0.0149920799024158,0.8856069609445805,0.9005990408469963,S011100011,S010100011,5
Bos046,0.07771561250389625,0.8856069609445805,0.8078913484406842,S011100011,S011000011,5
Ach031,-0.25318211931496437,0.8856069609445805,1.1387890802595448,S011100011,S011100001,5
Pse056,-0.26999450949639414,0.9333305853296433,1.2033250948260374,S011110011,S001110011,6
Bac050,-0.0861605956278576,0.9333305853296433,1.019491180957501,S011110011,S010110011,6
Bos046,0.04977196587515631,0.9333305853296433,0.883558619454487,S011110011,S011010011,6
Mic039,0.047723624385062835,0.9333305853296433,0.8856069609445805,S011110011,S011100011,6
Ach031,-0.3520408463165018,0.9333305853296433,1.285371431646145,S011110011,S011110001,6
Sph075,-0.025856315084393566,0.776095060207602,0.8019513752919956,S100000011,S000000011,3
Ach031,-0.05364213280181129,0.776095060207602,0.8297371930094133,S100000011,S100000001,3
Sph075,-0.23067723171780385,0.847146100717767,1.0778233324355708,S100010011,S000010011,4
Mic039,0.07105104051016498,0.847146100717767,0.776095060207602,S100010011,S100000011,4
Ach031,-0.09023636943387126,0.847146100717767,0.9373824701516382,S100010011,S100010001,4
Sph075,-0.07259882445141719,0.9401948550882923,1.0127936795397094,S100100011,S000100011,4
Bos046,0.16409979488069026,0.9401948550882923,0.776095060207602,S100100011,S100000011,4
Ach031,-0.1588685114227827,0.9401948550882923,1.099063366511075,S100100011,S100100001,4
Sph075,-0.21408423634942475,0.8455105386491922,1.059594774998617,S100110011,S000110011,5
Bos046,-0.0016355620685747363,0.8455105386491922,0.847146100717767,S100110011,S100010011,5
Mic039,-0.09468431643910002,0.8455105386491922,0.9401948550882923,S100110011,S100100011,5
Ach031,-0.22173669106491112,0.8455105386491922,1.0672472297141034,S100110011,S100110001,5
Sph075,-0.10231929633752346,0.841390471737504,0.9437097680750275,S101000011,S001000011,4
Bac050,0.06529541152990204,0.841390471737504,0.776095060207602,S101000011,S100000011,4
Ach031,-0.321667392032156,0.841390471737504,1.16305786376966,S101000011,S101000001,4
Sph075,-0.29858331020937545,0.7477717150971562,1.0463550253065317,S101010011,S001010011,5
Bac050,-0.09937438562061074,0.7477717150971562,0.847146100717767,S101010011,S100010011,5
Mic039,-0.0936187566403478,0.7477717150971562,0.841390471737504,S101010011,S101000011,5
Ach031,-0.46743191187921374,0.7477717150971562,1.21520362697637,S101010011,S101010001,5
Pse056,0.2240885186120074,1.6813528569801,1.4572643383680925,S010110101,S000110101,5
Bos046,0.13706165690830496,1.6813528569801,1.544291200071795,S010110101,S010010101,5
Mic039,0.30756082070644997,1.6813528569801,1.37379203627365,S010110101,S010100101,5
Pse033,0.6298181645828205,1.6813528569801,1.0515346923972795,S010110101,S010110001,5
Pse056,-0.06520172428814264,1.308267936964395,1.3734696612525377,S011000101,S001000101,4
Bac050,-0.07796621956244998,1.308267936964395,1.386234156526845,S011000101,S010000101,4
Pse033,0.0022861707199874903,1.308267936964395,1.3059817662444075,S011000101,S011000001,4
Pse056,-0.12729414326533228,1.3617332508802726,1.489027394145605,S011010101,S001010101,5
Bac050,-0.18255794919152235,1.3617332508802726,1.544291200071795,S011010101,S010010101,5
Mic039,0.05346531391587761,1.3617332508802726,1.308267936964395,S011010101,S011000101,5
Pse033,0.014037480141479985,1.3617332508802726,1.3476957707387927,S011010101,S011010001,5
Pse056,-0.043853507963662386,1.393164739680875,1.4370182476445374,S011100101,S001100101,5
Bac050,0.019372703407225078,1.393164739680875,1.37379203627365,S011100101,S010100101,5
Bos046,0.08489680271648004,1.393164739680875,1.308267936964395,S011100101,S011000101,5
Pse033,0.2543756594213302,1.393164739680875,1.1387890802595448,S011100101,S011100001,5
Pse056,-0.07064119039324246,1.4970094966384375,1.56765068703168,S011110101,S001110101,6
Bac050,-0.18434336034166243,1.4970094966384375,1.6813528569801,S011110101,S010110101,6
Bos046,0.13527624575816488,1.4970094966384375,1.3617332508802726,S011110101,S011010101,6
Mic039,0.10384475695756246,1.4970094966384375,1.393164739680875,S011110101,S011100101,6
Pse033,0.21163806499229243,1.4970094966384375,1.285371431646145,S011110101,S011110001,6
Sph075,-0.05653386148876516,1.1672009105708374,1.2237347720596026,S100000101,S000000101,3
Pse033,0.3374637175614241,1.1672009105708374,0.8297371930094133,S100000101,S100000001,3
Sph075,-0.22905899295053755,1.30871672663032,1.5377757195808575,S100010101,S000010101,4
Mic039,0.1415158160594825,1.30871672663032,1.1672009105708374,S100010101,S100000101,4
Pse033,0.3713342564786817,1.30871672663032,0.9373824701516382,S100010101,S100010001,4
Sph075,-0.05705815650586743,1.31807403661961,1.3751321931254774,S100100101,S000100101,4
Bos046,0.15087312604877257,1.31807403661961,1.1672009105708374,S100100101,S100000101,4
Pse033,0.21901067010853503,1.31807403661961,1.099063366511075,S100100101,S100100001,4
Sph075,-0.16263130418448757,1.294633034183605,1.4572643383680925,S100110101,S000110101,5
Bos046,-0.014083692446714924,1.294633034183605,1.30871672663032,S100110101,S100010101,5
Mic039,-0.023441002436005,1.294633034183605,1.31807403661961,S100110101,S100100101,5
Pse033,0.22738580446950163,1.294633034183605,1.0672472297141034,S100110101,S100110001,5
Sph075,-0.1338204318801226,1.239649229372415,1.3734696612525377,S101000101,S001000101,4
Bac050,0.07244831880157765,1.239649229372415,1.1672009105708374,S101000101,S100000101,4
Pse033,0.07659136560275503,1.239649229372415,1.16305786376966,S101000101,S101000001,4
Sph075,-0.3955213729969198,1.0935060211486851,1.489027394145605,S101010101,S001010101,5
Bac050,-0.2152107054816348,1.0935060211486851,1.30871672663032,S101010101,S100010101,5
Mic039,-0.14614320822372995,1.0935060211486851,1.239649229372415,S101010101,S101000101,5
Pse033,-0.12169760582768485,1.0935060211486851,1.21520362697637,S101010101,S101010001,5
Pse056,0.3132772576114573,1.4331141916940424,1.1198369340825851,S010110111,S000110111,6
Bos046,0.2814006660282924,1.4331141916940424,1.15171352566575,S010110111,S010010111,6
Mic039,0.3824238460934033,1.4331141916940424,1.0506903456006391,S010110111,S010100111,6
Pse033,0.4136230107365415,1.4331141916940424,1.019491180957501,S010110111,S010110011,6
Ach031,-0.24823866528605754,1.4331141916940424,1.6813528569801,S010110111,S010110101,6
Pse056,-0.012482877991258245,1.0885225669604925,1.1010054449517508,S011000111,S001000111,5
Bac050,-0.05091570780341992,1.0885225669604925,1.1394382747639125,S011000111,S010000111,5
Pse033,0.2806312185198083,1.0885225669604925,0.8078913484406842,S011000111,S011000011,5
Ach031,-0.21974537000390248,1.0885225669604925,1.308267936964395,S011000111,S011000101,5
Pse056,-0.09748690335693988,1.0080930042553575,1.1055799076122974,S011010111,S001010111,6
Bac050,-0.1436205214103925,1.0080930042553575,1.15171352566575,S011010111,S010010111,6
Mic039,-0.08042956270513502,1.0080930042553575,1.0885225669604925,S011010111,S011000111,6
Pse033,0.12453438480087053,1.0080930042553575,0.883558619454487,S011010111,S011010011,6
Ach031,-0.3536402466249151,1.0080930042553575,1.3617332508802726,S011010111,S011010101,6
Pse056,-0.1403694983633872,1.0184322878519603,1.1588017862153475,S011100111,S001100111,6
Bac050,-0.03225805774867885,1.0184322878519603,1.0506903456006391,S011100111,S010100111,6
Bos046,-0.07009027910853227,1.0184322878519603,1.0885225669604925,S011100111,S011000111,6
Pse033,0.1328253269073798,1.0184322878519603,0.8856069609445805,S011100111,S011100011,6
Ach031,-0.3747324518289148,1.0184322878519603,1.393164739680875,S011100111,S011100101,6
Pse056,-0.025635253598037533,1.1339387579146325,1.15957401151267,S011110111,S001110111,7
Bac050,-0.2991754337794099,1.1339387579146325,1.4331141916940424,S011110111,S010110111,7
Bos046,0.12584575365927497,1.1339387579146325,1.0080930042553575,S011110111,S011010111,7
Mic039,0.11550647006267223,1.1339387579146325,1.0184322878519603,S011110111,S011100111,7
Pse033,0.2006081725849892,1.1339387579146325,0.9333305853296433,S011110111,S011110011,7
Ach031,-0.363070738723805,1.1339387579146325,1.4970094966384375,S011110111,S011110101,7
Sph075,-0.29186858650078296,0.995001537982037,1.28687012448282,S100000111,S000000111,4
Pse033,0.21890647777443506,0.995001537982037,0.776095060207602,S100000111,S100000011,4
Ach031,-0.17219937258880036,0.995001537982037,1.1672009105708374,S100000111,S100000101,4
Sph075,-0.19961963329496535,1.0024339918214498,1.2020536251164151,S100010111,S000010111,5
Mic039,0.0074324538394127115,1.0024339918214498,0.995001537982037,S100010111,S100000111,5
Pse033,0.1552878911036828,1.0024339918214498,0.847146100717767,S100010111,S100010011,5
Ach031,-0.30628273480887014,1.0024339918214498,1.30871672663032,S100010111,S100010101,5
Sph075,-0.03612670951778818,1.0793651062518774,1.1154918157696656,S100100111,S000100111,5
Bos046,0.08436356826984037,1.0793651062518774,0.995001537982037,S100100111,S100000111,5
Pse033,0.13917025116358517,1.0793651062518774,0.9401948550882923,S100100111,S100100011,5
Ach031,-0.23870893036773255,1.0793651062518774,1.31807403661961,S100100111,S100100101,5
Sph075,-0.09749937815408871,1.0223375559284964,1.1198369340825851,S100110111,S000110111,6
Bos046,0.019903564107046634,1.0223375559284964,1.0024339918214498,S100110111,S100010111,6
Mic039,-0.05702755032338103,1.0223375559284964,1.0793651062518774,S100110111,S100100111,6
Pse033,0.17682701727930417,1.0223375559284964,0.8455105386491922,S100110111,S100110011,6
Ach031,-0.2722954782551086,1.0223375559284964,1.294633034183605,S100110111,S100110101,6
Sph075,-0.13514079067331075,0.96586465427844,1.1010054449517508,S101000111,S001000111,5
Bac050,-0.029136883703597016,0.96586465427844,0.995001537982037,S101000111,S100000111,5
Pse033,0.12447418254093601,0.96586465427844,0.841390471737504,S101000111,S101000011,5
Ach031,-0.273784575093975,0.96586465427844,1.239649229372415,S101000111,S101000101,5
Sph075,-0.31360286496867396,0.7919770426436235,1.1055799076122974,S101010111,S001010111,6
Bac050,-0.2104569491778263,0.7919770426436235,1.0024339918214498,S101010111,S100010111,6
Mic039,-0.17388761163481659,0.7919770426436235,0.96586465427844,S101010111,S101000111,6
Pse033,0.04420532754646722,0.7919770426436235,0.7477717150971562,S101010111,S101010011,6
Ach031,-0.30152897850506166,0.7919770426436235,1.0935060211486851,S101010111,S101010101,6
Pse056,0.7694692257418676,2.3116971347690876,1.54222790902722,S010111001,S000111001,5
Bos046,0.7949894283767076,2.3116971347690876,1.51670770639238,S010111001,S010011001,5
Mic039,0.99318390448136,2.3116971347690876,1.3185132302877276,S010111001,S010101001,5
Sph034,1.260162442371808,2.3116971347690876,1.0515346923972795,S010111001,S010110001,5
Pse056,-0.22895343697464243,1.5014890599311825,1.730442496905825,S011001001,S001001001,4
Bac050,0.026051972429182557,1.5014890599311825,1.475437087502,S011001001,S010001001,4
Sph034,0.195507293686775,1.5014890599311825,1.3059817662444075,S011001001,S011000001,4
Pse056,-0.43495349971770514,1.4317603479190248,1.86671384763673,S011011001,S001011001,5
Bac050,-0.0849473584733551,1.4317603479190248,1.51670770639238,S011011001,S010011001,5
Mic039,-0.06972871201215769,1.4317603479190248,1.5014890599311825,S011011001,S011001001,5
Sph034,0.08406457718023219,1.4317603479190248,1.3476957707387927,S011011001,S011010001,5
Pse056,-0.40568196901328,1.3064700005118526,1.7121519695251326,S011101001,S001101001,5
Bac050,-0.01204322977587502,1.3064700005118526,1.3185132302877276,S011101001,S010101001,5
Bos046,-0.19501905941932995,1.3064700005118526,1.5014890599311825,S011101001,S011001001,5
Sph034,0.16768092025230774,1.3064700005118526,1.1387890802595448,S011101001,S011100001,5
Pse056,-0.30463156661754254,1.3286514019723674,1.63328296858991,S011111001,S001111001,6
Bac050,-0.9830457327967201,1.3286514019723674,2.3116971347690876,S011111001,S010111001,6
Bos046,-0.10310894594665743,1.3286514019723674,1.4317603479190248,S011111001,S011011001,6
Mic039,0.022181401460514838,1.3286514019723674,1.3064700005118526,S011111001,S011101001,6
Sph034,0.04327997032622233,1.3286514019723674,1.285371431646145,S011111001,S011110001,6
Sph075,-0.36145260096704024,1.0204091644110074,1.3818617653780476,S100001001,S000001001,3
Sph034,0.1906719714015941,1.0204091644110074,0.8297371930094133,S100001001,S100000001,3
Sph075,-0.4112673447903199,1.1810325818119525,1.5922999266022724,S100011001,S000011001,4
Mic039,0.1606234174009451,1.1810325818119525,1.0204091644110074,S100011001,S100001001,4
Sph034,0.24365011166031425,1.1810325818119525,0.9373824701516382,S100011001,S100010001,4
Sph075,-0.290208377869414,1.0976274517021685,1.3878358295715825,S100101001,S000101001,4
Bos046,0.07721828729116109,1.0976274517021685,1.0204091644110074,S100101001,S100001001,4
Sph034,-0.00143591480890648,1.0976274517021685,1.099063366511075,S100101001,S100100001,4
Sph075,-0.46692721289974126,1.0753006961274787,1.54222790902722,S100111001,S000111001,5
Bos046,-0.10573188568447378,1.0753006961274787,1.1810325818119525,S100111001,S100011001,5
Mic039,-0.02232675557468977,1.0753006961274787,1.0976274517021685,S100111001,S100101001,5
Sph034,0.008053466413375343,1.0753006961274787,1.0672472297141034,S100111001,S100110001,5
Sph075,-0.407460359933445,1.32298213697238,1.730442496905825,S101001001,S001001001,4
Bac050,0.3025729725613726,1.32298213697238,1.0204091644110074,S101001001,S100001001,4
Sph034,0.15992427320271996,1.32298213697238,1.16305786376966,S101001001,S101000001,4
Sph075,-0.5949591873860451,1.2717546602506848,1.86671384763673,S101011001,S001011001,5
Bac050,0.09072207843873237,1.2717546602506848,1.1810325818119525,S101011001,S100011001,5
Mic039,-0.05122747672169514,1.2717546602506848,1.32298213697238,S101011001,S101001001,5
Sph034,0.05655103327431488,1.2717546602506848,1.21520362697637,S101011001,S101010001,5
Pse056,0.7421919454030483,1.7816097208623325,1.0394177754592842,S010111011,S000111011,6
Bos046,0.7564326081718085,1.7816097208623325,1.025177112690524,S010111011,S010011011,6
Mic039,0.7759174332376435,1.7816097208623325,1.005692287624689,S010111011,S010101011,6
Sph034,0.7621185399048316,1.7816097208623325,1.019491180957501,S010111011,S010110011,6
Ach031,-0.5300874139067551,1.7816097208623325,2.3116971347690876,S010111011,S010111001,6
Pse056,-0.1869684213000461,0.8918347130170196,1.0788031343170656,S011001011,S001001011,5
Bac050,-0.10789265186467889,0.8918347130170196,0.9997273648816984,S011001011,S010001011,5
Sph034,0.08394336457633533,0.8918347130170196,0.8078913484406842,S011001011,S011000011,5
Ach031,-0.609654346914163,0.8918347130170196,1.5014890599311825,S011001011,S011001001,5
Pse056,-0.17781363736976852,0.870607810306937,1.0484214476767055,S011011011,S001011011,6
Bac050,-0.15456930238358702,0.870607810306937,1.025177112690524,S011011011,S010011011,6
Mic039,-0.02122690271008254,0.870607810306937,0.8918347130170196,S011011011,S011001011,6
Sph034,-0.01295080914754998,0.870607810306937,0.883558619454487,S011011011,S011010011,6
Ach031,-0.5611525376120878,0.870607810306937,1.4317603479190248,S011011011,S011011001,6
Pse056,-0.2462244653460658,0.8295908287902077,1.0758152941362735,S011101011,S001101011,6
Bac050,-0.17610145883448125,0.8295908287902077,1.005692287624689,S011101011,S010101011,6
Bos046,-0.06224388422681182,0.8295908287902077,0.8918347130170196,S011101011,S011001011,6
Sph034,-0.05601613215437273,0.8295908287902077,0.8856069609445805,S011101011,S011100011,6
Ach031,-0.47687917172164485,0.8295908287902077,1.3064700005118526,S011101011,S011101001,6
Pse056,-0.21535590808005467,0.8592351892621173,1.074591097342172,S011111011,S001111011,7
Bac050,-0.9223745316002152,0.8592351892621173,1.7816097208623325,S011111011,S010111011,7
Bos046,-0.01137262104481973,0.8592351892621173,0.870607810306937,S011111011,S011011011,7
Mic039,0.029644360471909548,0.8592351892621173,0.8295908287902077,S011111011,S011101011,7
Sph034,-0.07409539606752602,0.8592351892621173,0.9333305853296433,S011111011,S011110011,7
Ach031,-0.46941621271025014,0.8592351892621173,1.3286514019723674,S011111011,S011111001,7
Sph075,-0.338647560659476,0.7754407141675682,1.1140882748270442,S100001011,S000001011,4
Sph034,-6.543460400337819e-4,0.7754407141675682,0.776095060207602,S100001011,S100000011,4
Ach031,-0.24496845024343916,0.7754407141675682,1.0204091644110074,S100001011,S100001001,4
Sph075,-0.4727837513727481,0.8009098054877645,1.2736935568605126,S100011011,S000011011,5
Mic039,0.025469091320196258,0.8009098054877645,0.7754407141675682,S100011011,S100001011,5
Sph034,-0.0462362952300025,0.8009098054877645,0.847146100717767,S100011011,S100010011,5
Ach031,-0.380122776324188,0.8009098054877645,1.1810325818119525,S100011011,S100011001,5
Sph075,-0.2565095063024232,0.826711978942418,1.0832214852448412,S100101011,S000101011,5
Bos046,0.05127126477484978,0.826711978942418,0.7754407141675682,S100101011,S100001011,5
Sph034,-0.11348287614587427,0.826711978942418,0.9401948550882923,S100101011,S100100011,5
Ach031,-0.2709154727597505,0.826711978942418,1.0976274517021685,S100101011,S100101001,5
Sph075,-0.26006058104932195,0.7793571944099622,1.0394177754592842,S100111011,S000111011,6
Bos046,-0.021552611077802264,0.7793571944099622,0.8009098054877645,S100111011,S100011011,6
Mic039,-0.047354784532455785,0.7793571944099622,0.826711978942418,S100111011,S100101011,6
Sph034,-0.06615334423923003,0.7793571944099622,0.8455105386491922,S100111011,S100110011,6
Ach031,-0.2959435017175165,0.7793571944099622,1.0753006961274787,S100111011,S100111001,6
Sph075,-0.24863477797454314,0.8301683563425225,1.0788031343170656,S101001011,S001001011,5
Bac050,0.054727642174954294,0.8301683563425225,0.7754407141675682,S101001011,S100001011,5
Sph034,-0.011222115394981524,0.8301683563425225,0.841390471737504,S101001011,S101000011,5
Ach031,-0.4928137806298575,0.8301683563425225,1.32298213697238,S101001011,S101001001,5
Sph075,-0.3265552902842763,0.7218661573924292,1.0484214476767055,S101011011,S001011011,6
Bac050,-0.07904364809533526,0.7218661573924292,0.8009098054877645,S101011011,S100011011,6
Mic039,-0.1083021989500933,0.7218661573924292,0.8301683563425225,S101011011,S101001011,6
Sph034,-0.025905557704727022,0.7218661573924292,0.7477717150971562,S101011011,S101010011,6
Ach031,-0.5498885028582556,0.7218661573924292,1.2717546602506848,S101011011,S101011001,6
Pse056,0.4487961305984225,1.9542561659385025,1.50546003534008,S010111101,S000111101,6
Bos046,0.57076722236365,1.9542561659385025,1.3834889435748525,S010111101,S010011101,6
Mic039,0.513145174723405,1.9542561659385025,1.4411109912150974,S010111101,S010101101,6
Sph034,0.27290330895840254,1.9542561659385025,1.6813528569801,S010111101,S010110101,6
Pse033,-0.35744096883058507,1.9542561659385025,2.3116971347690876,S010111101,S010111001,6
Pse056,-0.1315044125564251,1.3164112522204099,1.447915664776835,S011001101,S001001101,5
Bac050,-0.12671378741892747,1.3164112522204099,1.4431250396393374,S011001101,S010001101,5
Sph034,0.00814331525601486,1.3164112522204099,1.308267936964395,S011001101,S011000101,5
Pse033,-0.18507780771077265,1.3164112522204099,1.5014890599311825,S011001101,S011001001,5
Pse056,-0.15874032909416247,1.3011782117624975,1.45991854085666,S011011101,S001011101,6
Bac050,-0.08231073181235504,1.3011782117624975,1.3834889435748525,S011011101,S010011101,6
Mic039,-0.015233040457912406,1.3011782117624975,1.3164112522204099,S011011101,S011001101,6
Sph034,-0.060555039117775156,1.3011782117624975,1.3617332508802726,S011011101,S011010101,6
Pse033,-0.13058213615652736,1.3011782117624975,1.4317603479190248,S011011101,S011011001,6
Pse056,-0.20661203487698487,1.2922669136502976,1.4988789485272824,S011101101,S001101101,6
Bac050,-0.1488440775647999,1.2922669136502976,1.4411109912150974,S011101101,S010101101,6
Bos046,-0.024144338570112334,1.2922669136502976,1.3164112522204099,S011101101,S011001101,6
Sph034,-0.10089782603057751,1.2922669136502976,1.393164739680875,S011101101,S011100101,6
Pse033,-0.014203086861555025,1.2922669136502976,1.3064700005118526,S011101101,S011101001,6
Pse056,-0.18261143425299253,1.39120614602292,1.5738175802759125,S011111101,S001111101,7
Bac050,-0.5630500199155826,1.39120614602292,1.9542561659385025,S011111101,S010111101,7
Bos046,0.09002793426042244,1.39120614602292,1.3011782117624975,S011111101,S011011101,7
Mic039,0.09893923237262237,1.39120614602292,1.2922669136502976,S011111101,S011101101,7
Sph034,-0.1058033506155176,1.39120614602292,1.4970094966384375,S011111101,S011110101,7
Pse033,0.0625547440505525,1.39120614602292,1.3286514019723674,S011111101,S011111001,7
Sph075,-0.49848198501955765,1.1219602758713425,1.6204422608909002,S100001101,S000001101,4
Sph034,-0.04524063469949491,1.1219602758713425,1.1672009105708374,S100001101,S100000101,4
Pse033,0.10155111146033513,1.1219602758713425,1.0204091644110074,S100001101,S100001001,4
Sph075,-0.33825351868631004,1.2754843215673275,1.6137378402536375,S100011101,S000011101,5
Mic039,0.153524045695985,1.2754843215673275,1.1219602758713425,S100011101,S100001101,5
Sph034,-0.03323240506299241,1.2754843215673275,1.30871672663032,S100011101,S100010101,5
Pse033,0.09445173975537502,1.2754843215673275,1.1810325818119525,S100011101,S100011001,5
Sph075,-0.2010891340962,1.295456421300825,1.496545555397025,S100101101,S000101101,5
Bos046,0.17349614542948255,1.295456421300825,1.1219602758713425,S100101101,S100001101,5
Sph034,-0.022617615318784923,1.295456421300825,1.31807403661961,S100101101,S100100101,5
Pse033,0.1978289695986566,1.295456421300825,1.0976274517021685,S100101101,S100101001,5
Sph075,-0.14455628271247245,1.3609037526276075,1.50546003534008,S100111101,S000111101,6
Bos046,0.08541943106028005,1.3609037526276075,1.2754843215673275,S100111101,S100011101,6
Mic039,0.06544733132678249,1.3609037526276075,1.295456421300825,S100111101,S100101101,6
Sph034,0.06627071844400256,1.3609037526276075,1.294633034183605,S100111101,S100110101,6
Pse033,0.28560305650012885,1.3609037526276075,1.0753006961274787,S100111101,S100111001,6
Sph075,-0.24732113637982,1.200594528397015,1.447915664776835,S101001101,S001001101,5
Bac050,0.07863425252567247,1.200594528397015,1.1219602758713425,S101001101,S100001101,5
Sph034,-0.03905470097540009,1.200594528397015,1.239649229372415,S101001101,S101000101,5
Pse033,-0.12238760857536501,1.200594528397015,1.32298213697238,S101001101,S101001001,5
Sph075,-0.29819598543467496,1.161722555421985,1.45991854085666,S101011101,S001011101,6
Bac050,-0.1137617661453425,1.161722555421985,1.2754843215673275,S101011101,S100011101,6
Mic039,-0.03887197297502998,1.161722555421985,1.200594528397015,S101011101,S101001101,6
Sph034,0.06821653427329988,1.161722555421985,1.0935060211486851,S101011101,S101010101,6
Pse033,-0.11003210482869985,1.161722555421985,1.2717546602506848,S101011101,S101011001,6
Pse056,0.05966841942552503,1.2383465474172926,1.1786781279917675,S010111111,S000111111,7
Bos046,0.26575898757949545,1.2383465474172926,0.9725875598377971,S010111111,S010011111,7
Mic039,0.327871002594319,1.2383465474172926,0.9104755448229735,S010111111,S010101111,7
Sph034,-0.19476764427674986,1.2383465474172926,1.4331141916940424,S010111111,S010110111,7
Pse033,-0.5432631734450399,1.2383465474172926,1.7816097208623325,S010111111,S010111011,7
Ach031,-0.7159096185212099,1.2383465474172926,1.9542561659385025,S010111111,S010111101,7
Pse056,-0.20635940760836324,0.8769711689799853,1.0833305765883485,S011001111,S001001111,6
Bac050,-0.13070299522366047,0.8769711689799853,1.0076741642036458,S011001111,S010001111,6
Sph034,-0.21155139798050726,0.8769711689799853,1.0885225669604925,S011001111,S011000111,6
Pse033,-0.01486354403703427,0.8769711689799853,0.8918347130170196,S011001111,S011001011,6
Ach031,-0.4394400832404246,0.8769711689799853,1.3164112522204099,S011001111,S011001101,6
Pse056,-0.24270081495079499,0.8179347722732775,1.0606355872240725,S011011111,S001011111,7
Bac050,-0.1546527875645196,0.8179347722732775,0.9725875598377971,S011011111,S010011111,7
Mic039,-0.059036396706707794,0.8179347722732775,0.8769711689799853,S011011111,S011001111,7
Sph034,-0.19015823198208004,0.8179347722732775,1.0080930042553575,S011011111,S011010111,7
Pse033,-0.052673038033659525,0.8179347722732775,0.870607810306937,S011011111,S011011011,7
Ach031,-0.48324343948922,0.8179347722732775,1.3011782117624975,S011011111,S011011101,7
Pse056,-0.29253626592724447,0.8360194907536055,1.12855575668085,S011101111,S001101111,7
Bac050,-0.07445605406936806,0.8360194907536055,0.9104755448229735,S011101111,S010101111,7
Bos046,-0.040951678226379795,0.8360194907536055,0.8769711689799853,S011101111,S011001111,7
Sph034,-0.18241279709835478,0.8360194907536055,1.0184322878519603,S011101111,S011100111,7
Pse033,0.006428661963397753,0.8360194907536055,0.8295908287902077,S011101111,S011101011,7
Ach031,-0.45624742289669207,0.8360194907536055,1.2922669136502976,S011101111,S011101101,7
Pse056,-0.21574308133899622,0.9093448837548788,1.125087965093875,S011111111,S001111111,8
Bac050,-0.3290016636624138,0.9093448837548788,1.2383465474172926,S011111111,S010111111,8
Bos046,0.09141011148160127,0.9093448837548788,0.8179347722732775,S011111111,S011011111,8
Mic039,0.07332539300127328,0.9093448837548788,0.8360194907536055,S011111111,S011101111,8
Sph034,-0.22459387415975374,0.9093448837548788,1.1339387579146325,S011111111,S011110111,8
Pse033,0.05010969449276148,0.9093448837548788,0.8592351892621173,S011111111,S011111011,8
Ach031,-0.48186126226804116,0.9093448837548788,1.39120614602292,S011111111,S011111101,8
Sph075,-0.23771897693065602,0.873195143842356,1.110914120773012,S100001111,S000001111,5
Sph034,-0.12180639413968108,0.873195143842356,0.995001537982037,S100001111,S100000111,5
Pse033,0.09775442967478776,0.873195143842356,0.7754407141675682,S100001111,S100001011,5
Ach031,-0.24876513202898654,0.873195143842356,1.1219602758713425,S100001111,S100001101,5
Sph075,-0.2592360828165683,0.9354511998348092,1.1946872826513775,S100011111,S000011111,6
Mic039,0.06225605599245321,0.9354511998348092,0.873195143842356,S100011111,S100001111,6
Sph034,-0.06698279198664059,0.9354511998348092,1.0024339918214498,S100011111,S100010111,6
Pse033,0.1345413943470447,0.9354511998348092,0.8009098054877645,S100011111,S100011011,6
Ach031,-0.3400331217325183,0.9354511998348092,1.2754843215673275,S100011111,S100011101,6
Sph075,-0.13236264829725664,1.0071643136885058,1.1395269619857624,S100101111,S000101111,6
Bos046,0.13396916984614982,1.0071643136885058,0.873195143842356,S100101111,S100001111,6
Sph034,-0.07220079256337164,1.0071643136885058,1.0793651062518774,S100101111,S100100111,6
Pse033,0.1804523347460878,1.0071643136885058,0.826711978942418,S100101111,S100101011,6
Ach031,-0.28829210761231927,1.0071643136885058,1.295456421300825,S100101111,S100101101,6
Sph075,-0.12863935064232246,1.050038777349445,1.1786781279917675,S100111111,S000111111,7
Bos046,0.11458757751463589,1.050038777349445,0.9354511998348092,S100111111,S100011111,7
Mic039,0.04287446366093928,1.050038777349445,1.0071643136885058,S100111111,S100101111,7
Sph034,0.027701221420948663,1.050038777349445,1.0223375559284964,S100111111,S100110111,7
Pse033,0.27068158293948286,1.050038777349445,0.7793571944099622,S100111111,S100111011,7
Ach031,-0.3108649752781625,1.050038777349445,1.3609037526276075,S100111111,S100111101,7
Sph075,-0.1450004258952473,0.9383301506931012,1.0833305765883485,S101001111,S001001111,6
Bac050,0.06513500685074525,0.9383301506931012,0.873195143842356,S101001111,S100001111,6
Sph034,-0.02753450358533882,0.9383301506931012,0.96586465427844,S101001111,S101000111,6
Pse033,0.10816179435057871,0.9383301506931012,0.8301683563425225,S101001111,S101001011,6
Ach031,-0.26226437770391375,0.9383301506931012,1.200594528397015,S101001111,S101001101,6
Sph075,-0.15165009883974645,0.908985488384326,1.0606355872240725,S101011111,S001011111,7
Bac050,-0.026465711450483154,0.908985488384326,0.9354511998348092,S101011111,S100011111,7
Mic039,-0.029344662308775193,0.908985488384326,0.9383301506931012,S101011111,S101001111,7
Sph034,0.11700844574070257,0.908985488384326,0.7919770426436235,S101011111,S101010111,7
Pse033,0.18711933099189682,0.908985488384326,0.7218661573924292,S101011111,S101011011,7
Ach031,-0.25273706703765897,0.908985488384326,1.161722555421985,S101011111,S101011101,7
Sph075,-0.043006585399185004,1.321506525035695,1.36451311043488,S101100001,S001100001,4
Bac050,0.22244315852462004,1.321506525035695,1.099063366511075,S101100001,S100100001,4
Bos046,0.15844866126603496,1.321506525035695,1.16305786376966,S101100001,S101000001,4
Sph075,-0.11162539400167004,1.5816793287541224,1.6933047227557925,S101110001,S001110001,5
Bac050,0.5144320990400191,1.5816793287541224,1.0672472297141034,S101110001,S100110001,5
Bos046,0.36647570177775246,1.5816793287541224,1.21520362697637,S101110001,S101010001,5
Mic039,0.26017280371842744,1.5816793287541224,1.321506525035695,S101110001,S101100001,5
Sph075,0.9000840893014443,1.7519346531974351,0.8518505638959908,S110000001,S010000001,3
Pse056,0.9221974601880218,1.7519346531974351,0.8297371930094133,S110000001,S100000001,3
Sph075,0.7771046601875542,1.8968741697592224,1.1197695095716682,S110010001,S010010001,4
Pse056,0.9594916996075842,1.8968741697592224,0.9373824701516382,S110010001,S100010001,4
Mic039,0.14493951656178727,1.8968741697592224,1.7519346531974351,S110010001,S110000001,4
Sph075,0.5004591646101153,1.625982686993995,1.1255235223838798,S110100001,S010100001,4
Pse056,0.5269193204829201,1.625982686993995,1.099063366511075,S110100001,S100100001,4
Bos046,-0.12595196620344007,1.625982686993995,1.7519346531974351,S110100001,S110000001,4
Sph075,0.512349969536593,1.5638846619338724,1.0515346923972795,S110110001,S010110001,5
Pse056,0.4966374322197691,1.5638846619338724,1.0672472297141034,S110110001,S100110001,5
Bos046,-0.33298950782535,1.5638846619338724,1.8968741697592224,S110110001,S110010001,5
Mic039,-0.06209802506012263,1.5638846619338724,1.625982686993995,S110110001,S110100001,5
Sph075,0.9192485595562299,2.2252303258006374,1.3059817662444075,S111000001,S011000001,4
Pse056,1.0621724620309774,2.2252303258006374,1.16305786376966,S111000001,S101000001,4
Bac050,0.47329567260320227,2.2252303258006374,1.7519346531974351,S111000001,S110000001,4
Sph075,0.8923346139975896,2.2400303847363823,1.3476957707387927,S111010001,S011010001,5
Pse056,1.0248267577600123,2.2400303847363823,1.21520362697637,S111010001,S101010001,5
Bac050,0.34315621497715987,2.2400303847363823,1.8968741697592224,S111010001,S110010001,5
Mic039,0.014800058935744875,2.2400303847363823,2.2252303258006374,S111010001,S111000001,5
Sph075,0.7066331674397726,1.8454222476993174,1.1387890802595448,S111100001,S011100001,5
Pse056,0.5239157226636224,1.8454222476993174,1.321506525035695,S111100001,S101100001,5
Bac050,0.21943956070532233,1.8454222476993174,1.625982686993995,S111100001,S110100001,5
Bos046,-0.37980807810132,1.8454222476993174,2.2252303258006374,S111100001,S111000001,5
Sph075,0.5729435946666048,1.85831502631275,1.285371431646145,S111110001,S011110001,6
Pse056,0.2766356975586275,1.85831502631275,1.5816793287541224,S111110001,S101110001,6
Bac050,0.2944303643788775,1.85831502631275,1.5638846619338724,S111110001,S110110001,6
Bos046,-0.38171535842363236,1.85831502631275,2.2400303847363823,S111110001,S111010001,6
Mic039,0.01289277861343252,1.85831502631275,1.8454222476993174,S111110001,S111100001,6
Sph075,0.2237932144057666,1.2755891199644451,1.0517959055586785,S101100011,S001100011,5
Bac050,0.33539426487615287,1.2755891199644451,0.9401948550882923,S101100011,S100100011,5
Bos046,0.4341986482269411,1.2755891199644451,0.841390471737504,S101100011,S101000011,5
Ach031,-0.04591740507124986,1.2755891199644451,1.321506525035695,S101100011,S101100001,5
Sph075,0.18913550063670503,1.3924605954627425,1.2033250948260374,S101110011,S001110011,6
Bac050,0.5469500568135502,1.3924605954627425,0.8455105386491922,S101110011,S100110011,6
Bos046,0.6446888803655862,1.3924605954627425,0.7477717150971562,S101110011,S101010011,6
Mic039,0.11687147549829735,1.3924605954627425,1.2755891199644451,S101110011,S101100011,6
Ach031,-0.18921873329137995,1.3924605954627425,1.5816793287541224,S101110011,S101110001,6
Sph075,0.29948578855063057,1.3473103146584,1.0478245261077694,S110000011,S010000011,4
Pse056,0.571215254450798,1.3473103146584,0.776095060207602,S110000011,S100000011,4
Ach031,-0.4046243385390351,1.3473103146584,1.7519346531974351,S110000011,S110000001,4
Sph075,0.39893845731126,1.46006692528593,1.06112846797467,S110010011,S010010011,5
Pse056,0.612920824568163,1.46006692528593,0.847146100717767,S110010011,S100010011,5
Mic039,0.11275661062752995,1.46006692528593,1.3473103146584,S110010011,S110000011,5
Ach031,-0.43680724447329244,1.46006692528593,1.8968741697592224,S110010011,S110010001,5
Sph075,0.5460160126900263,1.4466150535370226,0.9005990408469963,S110100011,S010100011,5
Pse056,0.5064201984487303,1.4466150535370226,0.9401948550882923,S110100011,S100100011,5
Bos046,0.09930473887862257,1.4466150535370226,1.3473103146584,S110100011,S110000011,5
Ach031,-0.1793676334569725,1.4466150535370226,1.625982686993995,S110100011,S110100001,5
Sph075,0.4281316543704141,1.447622835327915,1.019491180957501,S110110011,S010110011,6
Pse056,0.6021122966787228,1.447622835327915,0.8455105386491922,S110110011,S100110011,6
Bos046,-0.012444089958014937,1.447622835327915,1.46006692528593,S110110011,S110010011,6
Mic039,0.001007781790892448,1.447622835327915,1.4466150535370226,S110110011,S110100011,6
Ach031,-0.11626182660595741,1.447622835327915,1.5638846619338724,S110110011,S110110001,6
Sph075,0.7347129257216383,1.5426042741623225,0.8078913484406842,S111000011,S011000011,5
Pse056,0.7012138024248185,1.5426042741623225,0.841390471737504,S111000011,S101000011,5
Bac050,0.19529395950392248,1.5426042741623225,1.3473103146584,S111000011,S110000011,5
Ach031,-0.6826260516383149,1.5426042741623225,2.2252303258006374,S111000011,S111000001,5
Sph075,0.699674250839578,1.583232870294065,0.883558619454487,S111010011,S011010011,6
Pse056,0.8354611551969088,1.583232870294065,0.7477717150971562,S111010011,S101010011,6
Bac050,0.12316594500813505,1.583232870294065,1.46006692528593,S111010011,S110010011,6
Mic039,0.04062859613174252,1.583232870294065,1.5426042741623225,S111010011,S111000011,6
Ach031,-0.6567975144423173,1.583232870294065,2.2400303847363823,S111010011,S111010001,6
Sph075,0.6713436329728997,1.5569505939174801,0.8856069609445805,S111100011,S011100011,6
Pse056,0.281361473953035,1.5569505939174801,1.2755891199644451,S111100011,S101100011,6
Bac050,0.11033554038045756,1.5569505939174801,1.4466150535370226,S111100011,S110100011,6
Bos046,0.014346319755157655,1.5569505939174801,1.5426042741623225,S111100011,S111000011,6
Ach031,-0.28847165378183726,1.5569505939174801,1.8454222476993174,S111100011,S111100001,6
Sph075,0.6790390171522617,1.612369602481905,0.9333305853296433,S111110011,S011110011,7
Pse056,0.2199090070191625,1.612369602481905,1.3924605954627425,S111110011,S101110011,7
Bac050,0.16474676715398995,1.612369602481905,1.447622835327915,S111110011,S110110011,7
Bos046,0.029136732187839964,1.612369602481905,1.583232870294065,S111110011,S111010011,7
Mic039,0.05541900856442483,1.612369602481905,1.5569505939174801,S111110011,S111100011,7
Ach031,-0.24594542383084494,1.612369602481905,1.85831502631275,S111110011,S111110001,7
Sph075,0.1984466488260075,1.635464896470545,1.4370182476445374,S101100101,S001100101,5
Bac050,0.31739085985093496,1.635464896470545,1.31807403661961,S101100101,S100100101,5
Bos046,0.3958156670981299,1.635464896470545,1.239649229372415,S101100101,S101000101,5
Pse033,0.31395837143484995,1.635464896470545,1.321506525035695,S101100101,S101100001,5
Sph075,0.2047698053187652,1.7724204923504452,1.56765068703168,S101110101,S001110101,6
Bac050,0.4777874581668402,1.7724204923504452,1.294633034183605,S101110101,S100110101,6
Bos046,0.6789144712017601,1.7724204923504452,1.0935060211486851,S101110101,S101010101,6
Mic039,0.13695559587990025,1.7724204923504452,1.635464896470545,S101110101,S101100101,6
Pse033,0.19074116359632276,1.7724204923504452,1.5816793287541224,S101110101,S101110001,6
Sph075,0.25712097338383244,1.6433551299106774,1.386234156526845,S110000101,S010000101,4
Pse056,0.47615421933984003,1.6433551299106774,1.1672009105708374,S110000101,S100000101,4
Pse033,-0.10857952328675768,1.6433551299106774,1.7519346531974351,S110000101,S110000001,4
Sph075,0.19312703168301248,1.7374182317548075,1.544291200071795,S110010101,S010010101,5
Pse056,0.42870150512448757,1.7374182317548075,1.30871672663032,S110010101,S100010101,5
Mic039,0.09406310184413003,1.7374182317548075,1.6433551299106774,S110010101,S110000101,5
Pse033,-0.15945593800441493,1.7374182317548075,1.8968741697592224,S110010101,S110010001,5
Sph075,0.37020950452502754,1.7440015407986775,1.37379203627365,S110100101,S010100101,5
Pse056,0.42592750417906755,1.7440015407986775,1.31807403661961,S110100101,S100100101,5
Bos046,0.10064641088800008,1.7440015407986775,1.6433551299106774,S110100101,S110000101,5
Pse033,0.11801885380468247,1.7440015407986775,1.625982686993995,S110100101,S110100001,5
Sph075,0.094637750597105,1.775990607577205,1.6813528569801,S110110101,S010110101,6
Pse056,0.48135757339359997,1.775990607577205,1.294633034183605,S110110101,S100110101,6
Bos046,0.038572375822397476,1.775990607577205,1.7374182317548075,S110110101,S110010101,6
Mic039,0.03198906677852742,1.775990607577205,1.7440015407986775,S110110101,S110100101,6
Pse033,0.21210594564333252,1.775990607577205,1.5638846619338724,S110110101,S110110001,6
Sph075,0.5193731793221026,1.8276411162864976,1.308267936964395,S111000101,S011000101,5
Pse056,0.5879918869140826,1.8276411162864976,1.239649229372415,S111000101,S101000101,5
Bac050,0.18428598637582017,1.8276411162864976,1.6433551299106774,S111000101,S110000101,5
Pse033,-0.3975892095141398,1.8276411162864976,2.2252303258006374,S111000101,S111000001,5
Sph075,0.4562003520021798,1.8179336028824524,1.3617332508802726,S111010101,S011010101,6
Pse056,0.7244275817337673,1.8179336028824524,1.0935060211486851,S111010101,S101010101,6
Bac050,0.08051537112764495,1.8179336028824524,1.7374182317548075,S111010101,S110010101,6
Mic039,-0.009707513404045187,1.8179336028824524,1.8276411162864976,S111010101,S111000101,6
Pse033,-0.42209678185392985,1.8179336028824524,2.2400303847363823,S111010101,S111010001,6
Sph075,0.47828801571568236,1.8714527553965574,1.393164739680875,S111100101,S011100101,6
Pse056,0.23598785892601248,1.8714527553965574,1.635464896470545,S111100101,S101100101,6
Bac050,0.1274512145978799,1.8714527553965574,1.7440015407986775,S111100101,S110100101,6
Bos046,0.04381163911005981,1.8714527553965574,1.8276411162864976,S111100101,S111000101,6
Pse033,0.026030507697240024,1.8714527553965574,1.8454222476993174,S111100101,S111100001,6
Sph075,0.554847563009915,2.0518570596483525,1.4970094966384375,S111110101,S011110101,7
Pse056,0.27943656729790733,2.0518570596483525,1.7724204923504452,S111110101,S101110101,7
Bac050,0.27586645207114757,2.0518570596483525,1.775990607577205,S111110101,S110110101,7
Bos046,0.2339234567659001,2.0518570596483525,1.8179336028824524,S111110101,S111010101,7
Mic039,0.1804043042517951,2.0518570596483525,1.8714527553965574,S111110101,S111100101,7
Pse033,0.1935420333356026,2.0518570596483525,1.85831502631275,S111110101,S111110001,7
Sph075,0.19438153162808747,1.353183317843435,1.1588017862153475,S101100111,S001100111,6
Bac050,0.2738182115915575,1.353183317843435,1.0793651062518774,S101100111,S100100111,6
Bos046,0.3873186635649949,1.353183317843435,0.96586465427844,S101100111,S101000111,6
Pse033,0.0775941978789898,1.353183317843435,1.2755891199644451,S101100111,S101100011,6
Ach031,-0.28228157862711,1.353183317843435,1.635464896470545,S101100111,S101100101,6
Sph075,0.2569239018919949,1.416497913404665,1.15957401151267,S101110111,S001110111,7
Bac050,0.3941603574761685,1.416497913404665,1.0223375559284964,S101110111,S100110111,7
Bos046,0.6245208707610415,1.416497913404665,0.7919770426436235,S101110111,S101010111,7
Mic039,0.06331459556122998,1.416497913404665,1.353183317843435,S101110111,S101100111,7
Pse033,0.02403731794192243,1.416497913404665,1.3924605954627425,S101110111,S101110011,7
Ach031,-0.3559225789457803,1.416497913404665,1.7724204923504452,S101110111,S101110101,7
Sph075,0.14587022733870758,1.28530850210262,1.1394382747639125,S110000111,S010000111,5
Pse056,0.290306964120583,1.28530850210262,0.995001537982037,S110000111,S100000111,5
Pse033,-0.06200181255577997,1.28530850210262,1.3473103146584,S110000111,S110000011,5
Ach031,-0.3580466278080574,1.28530850210262,1.6433551299106774,S110000111,S110000101,5
Sph075,0.22255174481560758,1.3742652704813576,1.15171352566575,S110010111,S010010111,6
Pse056,0.37183127865990784,1.3742652704813576,1.0024339918214498,S110010111,S100010111,6
Mic039,0.08895676837873756,1.3742652704813576,1.28530850210262,S110010111,S110000111,6
Pse033,-0.08580165480457236,1.3742652704813576,1.46006692528593,S110010111,S110010011,6
Ach031,-0.36315296127344987,1.3742652704813576,1.7374182317548075,S110010111,S110010101,6
Sph075,0.3163447445740608,1.3670350901747,1.0506903456006391,S110100111,S010100111,6
Pse056,0.2876699839228225,1.3670350901747,1.0793651062518774,S110100111,S100100111,6
Bos046,0.08172658807207989,1.3670350901747,1.28530850210262,S110100111,S110000111,6
Pse033,-0.07957996336232265,1.3670350901747,1.4466150535370226,S110100111,S110100011,6
Ach031,-0.3769664506239776,1.3670350901747,1.7440015407986775,S110100111,S110100101,6
Sph075,-0.03484569431560236,1.39826849737844,1.4331141916940424,S110110111,S010110111,7
Pse056,0.37593094144994366,1.39826849737844,1.0223375559284964,S110110111,S100110111,7
Bos046,0.024003226897082452,1.39826849737844,1.3742652704813576,S110110111,S110010111,7
Mic039,0.031233407203740127,1.39826849737844,1.3670350901747,S110110111,S110100111,7
Pse033,-0.04935433794947497,1.39826849737844,1.447622835327915,S110110111,S110110011,7
Ach031,-0.3777221101987649,1.39826849737844,1.775990607577205,S110110111,S110110101,7
Sph075,0.36088507345454746,1.44940764041504,1.0885225669604925,S111000111,S011000111,6
Pse056,0.48354298613659996,1.44940764041504,0.96586465427844,S111000111,S101000111,6
Bac050,0.16409913831241996,1.44940764041504,1.28530850210262,S111000111,S110000111,6
Pse033,-0.09319663374728249,1.44940764041504,1.5426042741623225,S111000111,S111000011,6
Ach031,-0.3782334758714576,1.44940764041504,1.8276411162864976,S111000111,S111000101,6
Sph075,0.4776953870931324,1.48578839134849,1.0080930042553575,S111010111,S011010111,7
Pse056,0.6938113487048665,1.48578839134849,0.7919770426436235,S111010111,S101010111,7
Bac050,0.11152312086713234,1.48578839134849,1.3742652704813576,S111010111,S110010111,7
Mic039,0.036380750933449946,1.48578839134849,1.44940764041504,S111010111,S111000111,7
Pse033,-0.09744447894557506,1.48578839134849,1.583232870294065,S111010111,S111010011,7
Ach031,-0.3321452115339625,1.48578839134849,1.8179336028824524,S111010111,S111010101,7
Sph075,0.5288831161817973,1.5473154040337576,1.0184322878519603,S111100111,S011100111,7
Pse056,0.19413208619032263,1.5473154040337576,1.353183317843435,S111100111,S101100111,7
Bac050,0.18028031385905763,1.5473154040337576,1.3670350901747,S111100111,S110100111,7
Bos046,0.09790776361871756,1.5473154040337576,1.44940764041504,S111100111,S111000111,7
Pse033,-0.009635189883722584,1.5473154040337576,1.5569505939174801,S111100111,S111100011,7
Ach031,-0.32413735136279986,1.5473154040337576,1.8714527553965574,S111100111,S111100101,7
Sph075,0.6039282130008525,1.737866970915485,1.1339387579146325,S111110111,S011110111,8
Pse056,0.3213690575108201,1.737866970915485,1.416497913404665,S111110111,S101110111,8
Bac050,0.339598473537045,1.737866970915485,1.39826849737844,S111110111,S110110111,8
Bos046,0.2520785795669951,1.737866970915485,1.48578839134849,S111110111,S111010111,8
Mic039,0.19055156688172747,1.737866970915485,1.5473154040337576,S111110111,S111100111,8
Pse033,0.12549736843358006,1.737866970915485,1.612369602481905,S111110111,S111110011,8
Ach031,-0.3139900887328675,1.737866970915485,2.0518570596483525,S111110111,S111110101,8
Sph075,-0.05912634655985016,1.6530256229652824,1.7121519695251326,S101101001,S001101001,5
Bac050,0.555398171263114,1.6530256229652824,1.0976274517021685,S101101001,S100101001,5
Bos046,0.33004348599290245,1.6530256229652824,1.32298213697238,S101101001,S101001001,5
Sph034,0.33151909792958745,1.6530256229652824,1.321506525035695,S101101001,S101100001,5
Sph075,0.16892011710613763,1.8022030856960476,1.63328296858991,S101111001,S001111001,6
Bac050,0.7269023895685689,1.8022030856960476,1.0753006961274787,S101111001,S100111001,6
Bos046,0.5304484254453627,1.8022030856960476,1.2717546602506848,S101111001,S101011001,6
Mic039,0.14917746273076515,1.8022030856960476,1.6530256229652824,S101111001,S101101001,6
Sph034,0.22052375694192516,1.8022030856960476,1.5816793287541224,S101111001,S101110001,6
Sph075,0.3604784556737226,1.8359155431757226,1.475437087502,S110001001,S010001001,4
Pse056,0.8155063787647152,1.8359155431757226,1.0204091644110074,S110001001,S100001001,4
Sph034,0.08398088997828745,1.8359155431757226,1.7519346531974351,S110001001,S110000001,4
Sph075,0.4751488112957749,1.9918565176881549,1.51670770639238,S110011001,S010011001,5
Pse056,0.8108239358762024,1.9918565176881549,1.1810325818119525,S110011001,S100011001,5
Mic039,0.15594097451243227,1.9918565176881549,1.8359155431757226,S110011001,S110001001,5
Sph034,0.09498234792893245,1.9918565176881549,1.8968741697592224,S110011001,S110010001,5
Sph075,0.4449942972772123,1.76350752756494,1.3185132302877276,S110101001,S010101001,5
Pse056,0.6658800758627714,1.76350752756494,1.0976274517021685,S110101001,S100101001,5
Bos046,-0.0724080156107827,1.76350752756494,1.8359155431757226,S110101001,S110001001,5
Sph034,0.13752484057094483,1.76350752756494,1.625982686993995,S110101001,S110100001,5
Sph075,-0.566357406823395,1.7453397279456926,2.3116971347690876,S110111001,S010111001,6
Pse056,0.6700390318182139,1.7453397279456926,1.0753006961274787,S110111001,S100111001,6
Bos046,-0.24651678974246227,1.7453397279456926,1.9918565176881549,S110111001,S110011001,6
Mic039,-0.018167799619247305,1.7453397279456926,1.76350752756494,S110111001,S110101001,6
Sph034,0.18145506601182015,1.7453397279456926,1.5638846619338724,S110111001,S110110001,6
Sph075,0.6931131136011701,2.1946021735323527,1.5014890599311825,S111001001,S011001001,5
Pse056,0.8716200365599727,2.1946021735323527,1.32298213697238,S111001001,S101001001,5
Bac050,0.35868663035663007,2.1946021735323527,1.8359155431757226,S111001001,S110001001,5
Sph034,-0.030628152268284747,2.1946021735323527,2.2252303258006374,S111001001,S111000001,5
Sph075,0.8426162846996554,2.2743766326186803,1.4317603479190248,S111011001,S011011001,6
Pse056,1.0026219723679954,2.2743766326186803,1.2717546602506848,S111011001,S101011001,6
Bac050,0.2825201149305254,2.2743766326186803,1.9918565176881549,S111011001,S110011001,6
Mic039,0.07977445908632763,2.2743766326186803,2.1946021735323527,S111011001,S111001001,6
Sph034,0.03434624788229801,2.2743766326186803,2.2400303847363823,S111011001,S111010001,6
Sph075,0.6222251545484976,1.9286951550603502,1.3064700005118526,S111101001,S011101001,6
Pse056,0.2756695320950677,1.9286951550603502,1.6530256229652824,S111101001,S101101001,6
Bac050,0.16518762749541027,1.9286951550603502,1.76350752756494,S111101001,S110101001,6
Bos046,-0.2659070184720025,1.9286951550603502,2.1946021735323527,S111101001,S111001001,6
Sph034,0.08327290736103277,1.9286951550603502,1.8454222476993174,S111101001,S111100001,6
Sph075,0.9419768823865751,2.2706282843589425,1.3286514019723674,S111111001,S011111001,7
Pse056,0.4684251986628949,2.2706282843589425,1.8022030856960476,S111111001,S101111001,7
Bac050,0.5252885564132499,2.2706282843589425,1.7453397279456926,S111111001,S110111001,7
Bos046,-0.0037483482597377993,2.2706282843589425,2.2743766326186803,S111111001,S111011001,7
Mic039,0.3419331292985923,2.2706282843589425,1.9286951550603502,S111111001,S111101001,7
Sph034,0.41231325804619257,2.2706282843589425,1.85831502631275,S111111001,S111110001,7
Sph075,0.2492316995434789,1.3250469936797524,1.0758152941362735,S101101011,S001101011,6
Bac050,0.49833501473733444,1.3250469936797524,0.826711978942418,S101101011,S100101011,6
Bos046,0.4948786373372299,1.3250469936797524,0.8301683563425225,S101101011,S101001011,6
Sph034,0.0494578737153073,1.3250469936797524,1.2755891199644451,S101101011,S101100011,6
Ach031,-0.32797862928553,1.3250469936797524,1.6530256229652824,S101101011,S101101001,6
Sph075,0.43858987783459313,1.513180975176765,1.074591097342172,S101111011,S001111011,7
Bac050,0.7338237807668029,1.513180975176765,0.7793571944099622,S101111011,S100111011,7
Bos046,0.7913148177843359,1.513180975176765,0.7218661573924292,S101111011,S101011011,7
Mic039,0.18813398149701266,1.513180975176765,1.3250469936797524,S101111011,S101101011,7
Sph034,0.12072037971402261,1.513180975176765,1.3924605954627425,S101111011,S101110011,7
Ach031,-0.2890221105192825,1.513180975176765,1.8022030856960476,S101111011,S101111001,7
Sph075,0.4208759689116841,1.4206033337933825,0.9997273648816984,S110001011,S010001011,5
Pse056,0.6451626196258143,1.4206033337933825,0.7754407141675682,S110001011,S100001011,5
Sph034,0.07329301913498254,1.4206033337933825,1.3473103146584,S110001011,S110000011,5
Ach031,-0.41531220938234004,1.4206033337933825,1.8359155431757226,S110001011,S110001001,5
Sph075,0.48751350699823104,1.512690619688755,1.025177112690524,S110011011,S010011011,6
Pse056,0.7117808142009906,1.512690619688755,0.8009098054877645,S110011011,S100011011,6
Mic039,0.09208728589537252,1.512690619688755,1.4206033337933825,S110011011,S110001011,6
Sph034,0.052623694402825105,1.512690619688755,1.46006692528593,S110011011,S110010011,6
Ach031,-0.4791658979993998,1.512690619688755,1.9918565176881549,S110011011,S110011001,6
Sph075,0.4137575567268661,1.419449844351555,1.005692287624689,S110101011,S010101011,6
Pse056,0.5927378654091371,1.419449844351555,0.826711978942418,S110101011,S100101011,6
Bos046,-0.001153489441827471,1.419449844351555,1.4206033337933825,S110101011,S110001011,6
Sph034,-0.027165209185467498,1.419449844351555,1.4466150535370226,S110101011,S110100011,6
Ach031,-0.3440576832133848,1.419449844351555,1.76350752756494,S110101011,S110101001,6
Sph075,-0.29320192514364263,1.4884077957186899,1.7816097208623325,S110111011,S010111011,7
Pse056,0.7090506013087277,1.4884077957186899,0.7793571944099622,S110111011,S100111011,7
Bos046,-0.024282823970065204,1.4884077957186899,1.512690619688755,S110111011,S110011011,7
Mic039,0.06895795136713478,1.4884077957186899,1.419449844351555,S110111011,S110101011,7
Sph034,0.04078496039077484,1.4884077957186899,1.447622835327915,S110111011,S110110011,7
Ach031,-0.2569319322270027,1.4884077957186899,1.7453397279456926,S110111011,S110111001,7
Sph075,0.721236255894183,1.6130709689112026,0.8918347130170196,S111001011,S011001011,6
Pse056,0.7829026125686801,1.6130709689112026,0.8301683563425225,S111001011,S101001011,6
Bac050,0.19246763511782006,1.6130709689112026,1.4206033337933825,S111001011,S110001011,6
Sph034,0.07046669474888012,1.6130709689112026,1.5426042741623225,S111001011,S111000011,6
Ach031,-0.58153120462115,1.6130709689112026,2.1946021735323527,S111001011,S111001001,6
Sph075,0.744708016028423,1.61531582633536,0.870607810306937,S111011011,S011011011,7
Pse056,0.8934496689429308,1.61531582633536,0.7218661573924292,S111011011,S101011011,7
Bac050,0.1026252066466049,1.61531582633536,1.512690619688755,S111011011,S110011011,7
Mic039,0.002244857424157365,1.61531582633536,1.6130709689112026,S111011011,S111001011,7
Sph034,0.03208295604129496,1.61531582633536,1.583232870294065,S111011011,S111010011,7
Ach031,-0.6590608062833203,1.61531582633536,2.2743766326186803,S111011011,S111011001,7
Sph075,0.7992118189281848,1.6288026477183926,0.8295908287902077,S111101011,S011101011,7
Pse056,0.30375565403864013,1.6288026477183926,1.3250469936797524,S111101011,S101101011,7
Bac050,0.20935280336683748,1.6288026477183926,1.419449844351555,S111101011,S110101011,7
Bos046,0.015731678807189953,1.6288026477183926,1.6130709689112026,S111101011,S111001011,7
Sph034,0.07185205380091242,1.6288026477183926,1.5569505939174801,S111101011,S111100011,7
Ach031,-0.2998925073419576,1.6288026477183926,1.9286951550603502,S111101011,S111101001,7
Sph075,1.195545114350203,2.0547803036123202,0.8592351892621173,S111111011,S011111011,8
Pse056,0.5415993284355551,2.0547803036123202,1.513180975176765,S111111011,S101111011,8
Bac050,0.5663725078936304,2.0547803036123202,1.4884077957186899,S111111011,S110111011,8
Bos046,0.43946447727696025,2.0547803036123202,1.61531582633536,S111111011,S111011011,8
Mic039,0.42597765589392766,2.0547803036123202,1.6288026477183926,S111111011,S111101011,8
Sph034,0.44241070113041525,2.0547803036123202,1.612369602481905,S111111011,S111110011,8
Ach031,-0.21584798074662226,2.0547803036123202,2.2706282843589425,S111111011,S111111001,8
Sph075,-0.09320658328184739,1.405672365245435,1.4988789485272824,S101101101,S001101101,6
Bac050,0.11021594394460998,1.405672365245435,1.295456421300825,S101101101,S100101101,6
Bos046,0.20507783684842007,1.405672365245435,1.200594528397015,S101101101,S101001101,6
Sph034,-0.2297925312251099,1.405672365245435,1.635464896470545,S101101101,S101100101,6
Pse033,-0.2473532577198474,1.405672365245435,1.6530256229652824,S101101101,S101101001,6
Sph075,0.04900903354413022,1.6228266138200427,1.5738175802759125,S101111101,S001111101,7
Bac050,0.26192286119243513,1.6228266138200427,1.3609037526276075,S101111101,S100111101,7
Bos046,0.4611040583980577,1.6228266138200427,1.161722555421985,S101111101,S101011101,7
Mic039,0.21715424857460763,1.6228266138200427,1.405672365245435,S101111101,S101101101,7
Sph034,-0.1495938785304025,1.6228266138200427,1.7724204923504452,S101111101,S101110101,7
Pse033,-0.17937647187600492,1.6228266138200427,1.8022030856960476,S101111101,S101111001,7
Sph075,0.12640610942603758,1.569531149065375,1.4431250396393374,S110001101,S010001101,5
Pse056,0.44757087319403244,1.569531149065375,1.1219602758713425,S110001101,S100001101,5
Sph034,-0.0738239808453025,1.569531149065375,1.6433551299106774,S110001101,S110000101,5
Pse033,-0.26638439411034764,1.569531149065375,1.8359155431757226,S110001101,S110001001,5
Sph075,0.22529983656694985,1.6087887801418024,1.3834889435748525,S110011101,S010011101,6
Pse056,0.3333044585744749,1.6087887801418024,1.2754843215673275,S110011101,S100011101,6
Mic039,0.039257631076427435,1.6087887801418024,1.569531149065375,S110011101,S110001101,6
Sph034,-0.1286294516130051,1.6087887801418024,1.7374182317548075,S110011101,S110010101,6
Pse033,-0.3830677375463525,1.6087887801418024,1.9918565176881549,S110011101,S110011001,6
Sph075,0.15817800362258505,1.5992889948376825,1.4411109912150974,S110101101,S010101101,6
Pse056,0.30383257353685744,1.5992889948376825,1.295456421300825,S110101101,S100101101,6
Bos046,0.029757845772307556,1.5992889948376825,1.569531149065375,S110101101,S110001101,6
Sph034,-0.14471254596099503,1.5992889948376825,1.7440015407986775,S110101101,S110100101,6
Pse033,-0.1642185327272574,1.5992889948376825,1.76350752756494,S110101101,S110101001,6
Sph075,-0.3307155593762574,1.623540606562245,1.9542561659385025,S110111101,S010111101,7
Pse056,0.26263685393463754,1.623540606562245,1.3609037526276075,S110111101,S100111101,7
Bos046,0.014751826420442704,1.623540606562245,1.6087887801418024,S110111101,S110011101,7
Mic039,0.024251611724562583,1.623540606562245,1.5992889948376825,S110111101,S110101101,7
Sph034,-0.15245000101495987,1.623540606562245,1.775990607577205,S110111101,S110110101,7
Pse033,-0.1217991213834475,1.623540606562245,1.7453397279456926,S110111101,S110111001,7
Sph075,0.3402238800679003,1.6566351322883102,1.3164112522204099,S111001101,S011001101,6
Pse056,0.4560406038912952,1.6566351322883102,1.200594528397015,S111001101,S101001101,6
Bac050,0.08710398322293522,1.6566351322883102,1.569531149065375,S111001101,S110001101,6
Sph034,-0.17100598399818745,1.6566351322883102,1.8276411162864976,S111001101,S111000101,6
Pse033,-0.5379670412440425,1.6566351322883102,2.1946021735323527,S111001101,S111001001,6
Sph075,0.41897237547274746,1.720150587235245,1.3011782117624975,S111011101,S011011101,7
Pse056,0.55842803181326,1.720150587235245,1.161722555421985,S111011101,S101011101,7
Bac050,0.11136180709344257,1.720150587235245,1.6087887801418024,S111011101,S110011101,7
Mic039,0.06351545494693478,1.720150587235245,1.6566351322883102,S111011101,S111001101,7
Sph034,-0.09778301564720748,1.720150587235245,1.8179336028824524,S111011101,S111010101,7
Pse033,-0.5542260453834353,1.720150587235245,2.2743766326186803,S111011101,S111011001,7
Sph075,0.5023567984293624,1.79462371207966,1.2922669136502976,S111101101,S011101101,7
Pse056,0.38895134683422494,1.79462371207966,1.405672365245435,S111101101,S101101101,7
Bac050,0.19533471724197748,1.79462371207966,1.5992889948376825,S111101101,S110101101,7
Bos046,0.13798857979134982,1.79462371207966,1.6566351322883102,S111101101,S111001101,7
Sph034,-0.07682904331689744,1.79462371207966,1.8714527553965574,S111101101,S111100101,7
Pse033,-0.13407144298069018,1.79462371207966,1.9286951550603502,S111101101,S111101001,7
Sph075,0.7481281811631151,2.139334327186035,1.39120614602292,S111111101,S011111101,8
Pse056,0.5165077133659923,2.139334327186035,1.6228266138200427,S111111101,S101111101,8
Bac050,0.5157937206237899,2.139334327186035,1.623540606562245,S111111101,S110111101,8
Bos046,0.41918373995079006,2.139334327186035,1.720150587235245,S111111101,S111011101,8
Mic039,0.344710615106375,2.139334327186035,1.79462371207966,S111111101,S111101101,8
Sph034,0.08747726753768248,2.139334327186035,2.0518570596483525,S111111101,S111110101,8
Pse033,-0.13129395717290748,2.139334327186035,2.2706282843589425,S111111101,S111111001,8
Sph075,-0.15136893610396074,0.9771868205768892,1.12855575668085,S101101111,S001101111,7
Bac050,-0.02997749311161657,0.9771868205768892,1.0071643136885058,S101101111,S100101111,7
Bos046,0.038856669883788,0.9771868205768892,0.9383301506931012,S101101111,S101001111,7
Sph034,-0.3759964972665457,0.9771868205768892,1.353183317843435,S101101111,S101100111,7
Pse033,-0.3478601731028632,0.9771868205768892,1.3250469936797524,S101101111,S101101011,7
Ach031,-0.4284855446685458,0.9771868205768892,1.405672365245435,S101101111,S101101101,7
Sph075,0.04583417241657739,1.1709221375104524,1.125087965093875,S101111111,S001111111,8
Bac050,0.12088336016100731,1.1709221375104524,1.050038777349445,S101111111,S100111111,8
Bos046,0.26193664912612635,1.1709221375104524,0.908985488384326,S101111111,S101011111,8
Mic039,0.19373531693356316,1.1709221375104524,0.9771868205768892,S101111111,S101101111,8
Sph034,-0.24557577589421253,1.1709221375104524,1.416497913404665,S101111111,S101110111,8
Pse033,-0.3422588376663127,1.1709221375104524,1.513180975176765,S101111111,S101111011,8
Ach031,-0.4519044763095903,1.1709221375104524,1.6228266138200427,S101111111,S101111101,8
Sph075,0.19361637706598933,1.201290541269635,1.0076741642036458,S110001111,S010001111,6
Pse056,0.3280953974272791,1.201290541269635,0.873195143842356,S110001111,S100001111,6
Sph034,-0.08401796083298496,1.201290541269635,1.28530850210262,S110001111,S110000111,6
Pse033,-0.21931279252374747,1.201290541269635,1.4206033337933825,S110001111,S110001011,6
Ach031,-0.36824060779573986,1.201290541269635,1.569531149065375,S110001111,S110001101,6
Sph075,0.3661986299673503,1.3387861898051474,0.9725875598377971,S110011111,S010011111,7
Pse056,0.40333498997033823,1.3387861898051474,0.9354511998348092,S110011111,S100011111,7
Mic039,0.13749564853551233,1.3387861898051474,1.201290541269635,S110011111,S110001111,7
Sph034,-0.035479080676210195,1.3387861898051474,1.3742652704813576,S110011111,S110010111,7
Pse033,-0.17390442988360766,1.3387861898051474,1.512690619688755,S110011111,S110011011,7
Ach031,-0.27000259033665497,1.3387861898051474,1.6087887801418024,S110011111,S110011101,7
Sph075,0.34025029431449894,1.2507258391374725,0.9104755448229735,S110101111,S010101111,7
Pse056,0.2435615254489667,1.2507258391374725,1.0071643136885058,S110101111,S100101111,7
Bos046,0.0494352978678374,1.2507258391374725,1.201290541269635,S110101111,S110001111,7
Sph034,-0.11630925103722745,1.2507258391374725,1.3670350901747,S110101111,S110100111,7
Pse033,-0.1687240052140826,1.2507258391374725,1.419449844351555,S110101111,S110101011,7
Ach031,-0.34856315570021,1.2507258391374725,1.5992889948376825,S110101111,S110101101,7
Sph075,0.014691927192017395,1.25303847460931,1.2383465474172926,S110111111,S010111111,8
Pse056,0.2029996972598649,1.25303847460931,1.050038777349445,S110111111,S100111111,8
Bos046,-0.08574771519583746,1.25303847460931,1.3387861898051474,S110111111,S110011111,8
Mic039,0.0023126354718374653,1.25303847460931,1.2507258391374725,S110111111,S110101111,8
Sph034,-0.1452300227691301,1.25303847460931,1.39826849737844,S110111111,S110110111,8
Pse033,-0.23536932110937991,1.25303847460931,1.4884077957186899,S110111111,S110111011,8
Ach031,-0.37050213195293513,1.25303847460931,1.623540606562245,S110111111,S110111101,8
Sph075,0.46322709715529964,1.340198266135285,0.8769711689799853,S111001111,S011001111,7
Pse056,0.4018681154421837,1.340198266135285,0.9383301506931012,S111001111,S101001111,7
Bac050,0.13890772486564984,1.340198266135285,1.201290541269635,S111001111,S110001111,7
Sph034,-0.10920937427975508,1.340198266135285,1.44940764041504,S111001111,S111000111,7
Pse033,-0.2728727027759177,1.340198266135285,1.6130709689112026,S111001111,S111001011,7
Ach031,-0.31643686615302524,1.340198266135285,1.6566351322883102,S111001111,S111001101,7
Sph075,0.6148631555351001,1.4327979278083776,0.8179347722732775,S111011111,S011011111,8
Pse056,0.5238124394240515,1.4327979278083776,0.908985488384326,S111011111,S101011111,8
Bac050,0.09401173800323015,1.4327979278083776,1.3387861898051474,S111011111,S110011111,8
Mic039,0.09259966167309264,1.4327979278083776,1.340198266135285,S111011111,S111001111,8
Sph034,-0.05299046354011239,1.4327979278083776,1.48578839134849,S111011111,S111010111,8
Pse033,-0.18251789852698241,1.4327979278083776,1.61531582633536,S111011111,S111011011,8
Ach031,-0.2873526594268674,1.4327979278083776,1.720150587235245,S111011111,S111011101,8
Sph075,0.7028726979196395,1.538892188673245,0.8360194907536055,S111101111,S011101111,8
Pse056,0.5617053680963557,1.538892188673245,0.9771868205768892,S111101111,S101101111,8
Bac050,0.28816634953577247,1.538892188673245,1.2507258391374725,S111101111,S110101111,8
Bos046,0.19869392253796003,1.538892188673245,1.340198266135285,S111101111,S111001111,8
Sph034,-0.008423215360512604,1.538892188673245,1.5473154040337576,S111101111,S111100111,8
Pse033,-0.0899104590451476,1.538892188673245,1.6288026477183926,S111101111,S111101011,8
Ach031,-0.25573152340641503,1.538892188673245,1.79462371207966,S111101111,S111101101,8
Sph075,0.7822755898697737,1.6916204736246525,0.9093448837548788,S111111111,S011111111,9
Pse056,0.5206983361142001,1.6916204736246525,1.1709221375104524,S111111111,S101111111,9
Bac050,0.43858199901534256,1.6916204736246525,1.25303847460931,S111111111,S110111111,9
Bos046,0.25882254581627495,1.6916204736246525,1.4327979278083776,S111111111,S111011111,9
Mic039,0.15272828495140756,1.6916204736246525,1.538892188673245,S111111111,S111101111,9
Sph034,-0.04624649729083252,1.6916204736246525,1.737866970915485,S111111111,S111110111,9
Pse033,-0.3631598299876677,1.6916204736246525,2.0547803036123202,S111111111,S111111011,9
Ach031,-0.4477138535613825,1.6916204736246525,2.139334327186035,S111111111,S111111101,9
